BOS,22201216,120,ATL,114
PHX,22201229,114,LAC,119
DEN,22201227,109,SAC,95
MIN,22201225,113,NOP,108
OKC,22201226,115,MEM,100
TOR,22201221,121,MIL,105
BKN,22201217,105,PHI,134
SAC,22201211,97,GSW,119
MIL,22201208,114,MEM,137
NOP,22201209,113,NYK,105
ATL,22201205,131,PHI,136
BOS,22201206,121,TOR,102
LAL,22201212,121,PHX,107
PHX,22201201,119,DEN,115
PHI,22201198,101,MIA,129
MIL,22201193,105,CHI,92
NOP,22201194,138,MEM,131
LAC,22201196,125,LAL,118
BOS,22201192,97,TOR,93
NOP,22201185,103,SAC,121
GSW,22201187,136,OKC,125
PHI,22201181,103,BOS,101
BKN,22201180,102,MIN,107
CHI,22201182,105,ATL,123
CHI,22201165,128,MEM,107
OKC,22201172,118,PHX,128
DEN,22201175,112,GSW,110
MIL,22201174,117,PHI,104
NOP,22201162,122,LAC,114
PHI,22201150,117,TOR,110
BKN,22201153,124,ATL,107
CLE,22201154,116,NYK,130
PHX,22201160,100,DEN,93
MIN,22201157,111,LAL,123
MEM,22201156,108,LAC,94
MIL,22201146,99,BOS,140
DEN,22201147,88,NOP,107
PHX,22201144,107,MIN,100
NYK,22201138,101,MIA,92
CHI,22201140,110,LAL,121
MEM,22201141,132,LAC,141
ATL,22201131,120,CLE,118
GSW,22201135,120,NOP,109
TOR,22201132,106,MIA,92
DEN,22201126,116,PHI,111
LAC,22201129,124,CHI,112
SAC,22201128,115,MIN,119
ATL,22201115,119,MEM,123
GSW,22201121,96,MIN,99
LAL,22201114,108,CHI,118
DEN,22201109,129,MIL,106
MIA,22201108,100,BKN,129
LAC,22201112,110,NOP,131
PHX,22201110,125,PHI,105
LAL,22201106,116,OKC,111
SAC,22201105,135,PHX,127
GSW,22201103,120,PHI,112
BKN,22201094,114,CLE,116
LAC,22201096,127,OKC,105
CHI,22201087,91,PHI,116
MIA,22201084,127,NYK,120
LAL,22201092,122,PHX,111
MIN,22201090,125,ATL,124
BKN,22201079,109,CLE,115
LAC,22201082,100,OKC,101
SAC,22201081,109,BOS,132
PHI,22201072,105,CHI,109
NYK,22201073,134,MIN,140
BKN,22201063,102,DEN,108
MIL,22201068,118,TOR,111
OKC,22201064,124,PHX,120
TOR,22201058,122,MIN,107
MEM,22201061,133,GSW,119
CHI,22201060,113,MIA,99
NYK,22201055,116,DEN,110
ATL,22201048,127,GSW,119
CHI,22201050,139,MIN,131
BKN,22201043,96,SAC,101
TOR,22201044,128,OKC,111
MIN,22201039,102,BOS,104
CHI,22201037,114,SAC,117
LAC,22201041,134,GSW,126
MIA,22201036,138,MEM,119
CLE,22201035,109,PHI,118
PHX,22201033,104,MIL,116
NOP,22201030,108,LAL,123
TOR,22201029,125,DEN,110
OKC,22201031,121,BKN,107
GSW,22201025,123,PHX,112
SAC,22201026,124,MIL,133
ATL,22201021,115,MIN,136
LAL,22201019,108,NYK,112
DEN,22201014,120,BKN,122
LAC,22201004,106,NYK,95
PHX,22201013,119,SAC,128
NOP,22201011,96,OKC,110
GSW,22201012,125,MIL,116
ATL,22201008,125,BOS,134
LAL,22201003,122,TOR,112
MIN,22201001,123,BKN,124
MIA,22201000,119,CLE,115
SAC,22200997,122,NYK,117
MIL,22200995,118,BKN,113
MEM,22200996,131,GSW,110
MIA,22200987,100,CLE,104
LAC,22200991,108,TOR,100
PHX,22200990,132,OKC,101
DEN,22200989,96,CHI,117
OKC,22200982,137,GSW,128
LAL,22200984,112,MEM,103
MIN,22200980,94,PHI,117
DEN,22200975,118,TOR,113
SAC,22200976,123,NOP,108
MIA,22200974,130,ATL,128
CLE,22200971,118,BOS,114
BOS,22200969,129,NYK,131
LAL,22200964,113,GSW,105
LAC,22200970,135,MEM,129
MIA,22200958,117,ATL,109
SAC,22200961,134,MIN,138
MIL,22200960,130,PHI,133
DEN,22200952,113,MEM,97
BOS,22200948,105,BKN,115
CHI,22200950,104,PHX,125
GSW,22200953,108,NOP,99
MIA,22200949,120,NYK,122
SAC,22200954,128,LAC,127
LAL,22200955,102,MIN,110
GSW,22200945,115,LAC,91
MIA,22200936,96,PHI,119
OKC,22200940,117,LAL,123
BOS,22200935,117,CLE,113
NYK,22200937,142,BKN,118
LAC,22200932,101,MIN,108
OKC,22200928,117,SAC,123
MEM,22200927,121,LAL,109
TOR,22200925,104,CHI,98
BKN,22200924,104,MIL,118
NYK,22200921,109,BOS,94
PHI,22200920,99,MIA,101
MIL,22200910,104,PHX,101
OKC,22200915,115,SAC,124
DEN,22200918,134,LAC,124
GSW,22200916,109,MIN,104
CLE,22200914,118,TOR,93
ATL,22200911,129,BKN,127
PHI,22200908,107,BOS,110
NYK,22200906,128,NOP,106
MEM,22200907,112,DEN,94
MIL,22200897,128,MIA,99
ATL,22200896,136,CLE,119
LAC,22200902,175,SAC,176
CHI,22200900,131,BKN,87
PHX,22200899,124,OKC,115
LAL,22200893,124,GSW,111
PHI,22200889,110,MEM,105
TOR,22200890,115,NOP,110
CLE,22200886,109,DEN,115
CHI,22200883,100,MIL,112
PHX,22200885,107,LAC,116
LAL,22200882,120,NOP,102
ATL,22200876,101,NYK,122
PHI,22200875,118,CLE,112
BKN,22200878,116,MIA,105
LAC,22200871,134,GSW,124
PHX,22200870,120,SAC,109
MIL,22200869,131,BOS,125
NYK,22200862,124,BKN,106
MIA,22200861,108,DEN,112
OKC,22200864,100,NOP,103
BOS,22200855,119,MEM,109
BKN,22200846,98,PHI,101
GSW,22200853,103,LAL,109
CLE,22200852,97,CHI,89
MEM,22200841,128,MIN,107
NOP,22200842,107,CLE,118
PHI,22200837,119,NYK,108
LAC,22200845,106,MIL,119
BKN,22200833,116,CHI,105
ATL,22200832,116,PHX,107
LAL,22200834,106,MIL,115
BOS,22200824,106,PHI,99
DEN,22200820,146,MIN,112
MEM,22200819,104,CHI,89
LAL,22200821,130,OKC,133
BKN,22200817,112,PHX,116
NOP,22200818,116,ATL,107
BKN,22200810,116,LAC,124
GSW,22200814,141,OKC,114
MEM,22200805,103,TOR,106
NOP,22200807,136,SAC,104
MIN,22200806,128,DEN,98
NYK,22200804,108,PHI,97
DEN,22200801,128,ATL,108
NOP,22200798,131,LAL,126
MIL,22200797,123,MIA,115
NYK,22200795,128,LAC,134
BOS,22200788,94,PHX,106
CLE,22200779,128,MEM,113
MIL,22200784,106,LAC,105
DEN,22200783,134,GSW,117
NYK,22200780,106,MIA,104
PHX,22200777,100,ATL,132
MIN,22200774,119,GSW,114
BOS,22200772,139,BKN,96
DEN,22200768,122,NOP,113
NYK,22200765,123,LAL,129
CHI,22200766,103,LAC,108
CLE,22200764,97,MIA,100
PHX,22200762,114,TOR,106
OKC,22200759,120,GSW,128
BKN,22200757,121,LAL,104
MIN,22200758,111,SAC,118
MIL,22200755,135,NOP,110
CLE,22200754,122,LAC,99
BOS,22200749,125,LAL,121
ATL,22200745,113,LAC,120
PHI,22200741,126,DEN,119
MIN,22200746,117,SAC,110
BKN,22200742,122,NYK,115
MIN,22200737,111,MEM,100
GSW,22200740,129,TOR,117
OKC,22200739,112,CLE,100
BOS,22200730,117,NYK,120
PHI,22200721,137,BKN,133
GSW,22200726,122,MEM,120
NOP,22200724,102,MIN,111
OKC,22200725,132,ATL,137
SAC,22200728,95,TOR,113
MIL,22200723,107,DEN,99
MIA,22200714,98,BOS,95
NOP,22200716,98,DEN,99
LAL,22200719,115,LAC,133
NYK,22200715,105,CLE,103
CHI,22200708,111,ATL,100
SAC,22200712,133,MEM,100
MIA,22200699,100,NOP,96
PHX,22200703,112,MEM,110
DEN,22200702,99,OKC,101
GSW,22200704,116,BKN,120
TOR,22200700,125,NYK,116
TOR,22200692,104,BOS,106
SAC,22200698,127,PHI,129
CLE,22200695,114,MIL,102
LAL,22200690,122,MEM,121
CLE,22200685,114,GSW,120
ATL,22200684,139,NYK,124
SAC,22200691,118,OKC,113
PHX,22200681,117,BKN,112
BOS,22200679,121,GSW,118
MIN,22200680,128,TOR,126
NOP,22200673,98,MIA,124
MEM,22200672,115,CLE,114
DEN,22200676,122,MIN,118
LAL,22200677,111,SAC,116
MIL,22200665,130,TOR,122
LAC,22200668,110,PHI,120
ATL,22200661,121,MIA,113
NYK,22200659,121,TOR,123
CLE,22200658,113,NOP,103
MEM,22200663,136,PHX,106
CHI,22200650,132,GSW,118
LAL,22200655,112,PHI,113
BKN,22200651,102,OKC,112
MIN,22200645,110,CLE,102
MIA,22200641,111,MIL,95
TOR,22200644,103,ATL,114
MIN,22200637,121,PHX,116
CHI,22200636,110,OKC,124
LAC,22200639,103,DEN,115
MIA,22200628,108,MIL,102
PHI,22200626,114,OKC,133
BKN,22200627,98,BOS,109
BOS,22200621,125,NOP,114
DEN,22200624,126,PHX,97
ATL,22200620,105,MIL,114
MIA,22200611,112,OKC,111
GSW,22200615,113,PHX,125
DEN,22200609,122,LAL,109
BOS,22200606,107,CHI,99
NYK,22200607,107,MIL,111
PHX,22200603,98,CLE,112
MIA,22200599,101,BKN,102
LAC,22200604,108,ATL,112
SAC,22200595,134,LAL,136
MIN,22200587,128,LAC,115
NOP,22200586,102,BKN,108
TOR,22200582,108,NYK,112
PHI,22200581,112,CHI,126
LAL,22200590,130,ATL,114
DEN,22200588,121,CLE,108
PHX,22200589,96,MIA,104
DEN,22200579,122,LAC,91
TOR,22200569,101,MIL,104
CHI,22200570,121,BKN,112
SAC,22200575,117,ATL,120
LAL,22200574,112,MIA,109
CLE,22200565,90,PHX,88
OKC,22200562,150,BOS,117
NYK,22200550,102,PHX,83
PHI,22200554,120,NOP,111
LAC,22200560,100,MIA,110
MIN,22200557,124,DEN,111
GSW,22200558,143,ATL,141
CLE,22200552,145,CHI,134
MEM,22200547,118,SAC,108
DEN,22200549,123,BOS,111
MEM,22200543,116,NOP,101
CHI,22200540,102,CLE,103
OKC,22200545,96,PHI,115
DEN,22200535,124,MIA,119
MIL,22200533,123,MIN,114
ATL,22200530,121,LAL,130
NOP,22200534,127,PHI,116
TOR,22200531,113,PHX,104
BOS,22200525,116,LAC,110
TOR,22200526,106,MEM,119
MIA,22200518,112,LAL,98
SAC,22200522,127,DEN,126
NOP,22200520,119,MIN,118
ATL,22200517,107,BKN,108
CHI,22200519,119,MIL,113
MEM,22200510,108,PHX,125
SAC,22200514,106,DEN,113
TOR,22200509,113,LAC,124
MIA,22200500,113,MIN,110
CLE,22200498,117,BKN,125
DEN,22200497,128,PHX,125
GSW,22200496,123,MEM,109
BOS,22200495,139,MIL,118
NYK,22200493,112,PHI,119
NYK,22200485,117,CHI,118
BOS,22200482,121,MIN,109
CLE,22200484,107,TOR,118
OKC,22200488,125,NOP,128
BKN,22200483,118,MIL,100
PHX,22200490,100,MEM,125
PHI,22200480,119,LAC,114
BKN,22200470,143,GSW,113
SAC,22200475,134,LAL,120
NYK,22200471,106,TOR,113
CLE,22200466,114,MIL,106
ATL,22200468,108,CHI,110
DEN,22200465,105,MEM,91
MIA,22200462,103,CHI,113
NYK,22200463,132,GSW,94
NOP,22200457,119,MIL,128
PHI,22200453,104,TOR,101
PHX,22200459,130,LAL,104
MIN,22200449,150,CHI,126
TOR,22200448,110,GSW,126
PHX,22200444,118,NOP,114
OKC,22200443,115,MEM,109
PHI,22200432,118,GSW,106
TOR,22200433,116,BKN,119
LAL,22200437,126,DEN,108
OKC,22200435,110,MIN,112
CHI,22200434,91,NYK,114
MEM,22200425,142,MIL,101
LAC,22200427,95,PHX,111
CHI,22200418,120,NYK,128
LAC,22200423,99,MIN,88
TOR,22200417,123,SAC,124
OKC,22200419,108,MIA,110
MIL,22200410,128,GSW,111
PHI,22200409,123,SAC,103
LAL,22200413,118,BOS,122
LAC,22200408,113,BOS,93
MEM,22200404,128,ATL,103
NOP,22200395,129,PHX,124
ATL,22200400,123,CHI,122
NYK,22200397,112,SAC,99
GSW,22200392,123,BOS,107
CLE,22200390,110,OKC,102
NOP,22200384,128,PHX,117
PHI,22200382,133,LAL,122
CLE,22200381,95,SAC,106
BKN,22200380,120,ATL,116
MIA,22200374,115,LAC,110
PHX,22200373,98,BOS,125
TOR,22200366,126,LAL,113
NYK,22200365,113,ATL,89
MIL,22200369,126,SAC,113
MEM,22200368,123,OKC,102
CLE,22200360,116,LAL,102
ATL,22200354,114,OKC,121
TOR,22200355,110,BOS,116
MEM,22200357,101,MIA,93
NOP,22200344,121,DEN,106
NYK,22200348,92,CLE,81
SAC,22200350,110,CHI,101
BKN,22200346,92,BOS,103
MIN,22200341,128,OKC,135
LAC,22200338,96,SAC,123
MEM,22200332,117,PHI,109
BKN,22200329,114,TOR,105
MIL,22200331,129,LAL,133
ATL,22200327,117,DEN,109
GSW,22200336,119,CHI,111
BOS,22200328,116,MIA,120
CLE,22200312,113,PHI,85
NYK,22200316,103,MIL,109
MIN,22200317,109,MEM,101
BOS,22200314,134,MIA,121
NOP,22200318,126,TOR,108
PHX,22200321,132,CHI,113
PHI,22200299,104,ATL,101
NOP,22200304,105,OKC,101
SAC,22200307,117,PHX,122
TOR,22200303,100,CLE,88
NYK,22200296,123,MEM,127
ATL,22200293,98,MIA,106
MIN,22200291,114,GSW,137
MIL,22200280,117,CLE,102
MEM,22200279,132,NOP,111
BOS,22200275,122,SAC,104
LAC,22200285,104,DEN,114
OKC,22200281,123,CHI,119
MIL,22200267,113,CHI,118
OKC,22200268,126,DEN,131
TOR,22200266,98,BKN,112
GSW,22200271,124,LAC,107
ATL,22200263,115,SAC,106
PHX,22200259,115,LAL,105
MEM,22200257,109,SAC,113
PHI,22200256,115,BKN,106
CHI,22200250,121,BOS,107
NOP,22200253,128,GSW,83
MIN,22200252,105,MIA,101
CLE,22200248,114,ATL,102
OKC,22200254,119,NYK,129
BKN,22200243,127,MEM,115
PHX,22200240,116,NYK,95
CLE,22200244,113,MIA,87
PHI,22200237,109,MIN,112
ATL,22200235,124,TOR,122
NOP,22200231,109,BOS,117
GSW,22200233,111,NYK,101
MEM,22200229,121,OKC,110
PHI,22200226,110,MIL,102
MIL,22200216,113,CLE,98
PHX,22200220,130,GSW,119
TOR,22200215,112,MIA,104
NOP,22200217,124,CHI,110
ATL,22200214,101,BOS,126
DEN,22200219,103,NYK,106
SAC,22200210,153,BKN,121
NOP,22200206,113,MEM,102
MIA,22200202,113,PHX,112
MIL,22200204,106,ATL,121
BOS,22200201,126,OKC,122
SAC,22200197,122,GSW,115
LAL,22200198,116,BKN,103
NYK,22200192,135,OKC,145
CLE,22200193,124,MIN,129
CHI,22200196,103,DEN,126
PHI,22200188,121,ATL,109
LAC,22200184,95,BKN,110
OKC,22200179,132,TOR,113
GSW,22200182,106,CLE,101
MEM,22200181,114,MIN,103
BOS,22200176,131,DEN,112
LAL,22200183,114,SAC,120
ATL,22200173,104,PHI,95
MIN,22200167,117,PHX,129
BKN,22200164,112,NYK,85
OKC,22200168,132,MIL,136
LAC,22200170,114,LAL,101
SAC,22200171,127,CLE,120
CHI,22200166,111,NOP,115
CHI,22200151,111,TOR,97
GSW,22200156,116,SAC,113
ATL,22200149,117,MIL,98
PHI,22200148,100,PHX,88
MIN,22200153,107,NYK,120
LAC,22200158,119,CLE,117
MEM,22200152,106,BOS,109
TOR,22200141,113,CHI,104
LAL,22200140,100,CLE,114
NYK,22200135,118,BOS,133
MIL,22200136,108,OKC,94
ATL,22200134,124,NOP,121
NOP,22200128,114,GSW,105
BOS,22200124,123,CHI,119
PHI,22200122,104,NYK,106
MIN,22200129,102,MIL,115
OKC,22200119,110,DEN,122
NYK,22200110,99,ATL,112
LAL,22200117,120,NOP,117
CLE,22200107,114,BOS,113
MIA,22200109,110,SAC,107
PHX,22200106,116,MIN,107
BKN,22200103,99,CHI,108
MIA,22200104,116,GSW,109
TOR,22200099,139,ATL,109
LAC,22200088,91,NOP,112
CLE,22200090,121,NYK,108
LAL,22200095,121,DEN,110
CHI,22200084,109,PHI,114
SAC,22200081,119,MIA,113
MIL,22200085,123,ATL,115
PHX,22200079,124,NOP,111
MIL,22200075,119,NYK,108
BOS,22200072,123,CLE,132
MIN,22200076,111,LAL,102
TOR,22200073,90,PHI,112
SAC,22200069,110,MEM,125
OKC,22200067,118,LAC,110
GSW,22200068,123,MIA,110
DEN,22200064,110,LAL,99
TOR,22200059,119,PHI,109
MIL,22200060,110,BKN,99
PHX,22200055,134,GSW,105
OKC,22200054,108,LAC,94
MIA,22200045,90,TOR,98
CHI,22200047,120,BOS,102
MEM,22200049,134,BKN,124
GSW,22200042,130,SAC,125
OKC,22200041,106,MIN,116
LAC,22200043,95,PHX,112
MIA,22200031,112,TOR,109
CHI,22200032,96,CLE,128
DEN,22200035,122,OKC,117
SAC,22200036,109,LAC,111
GSW,22200026,123,DEN,128
MIA,22200022,104,BOS,111
BKN,22200021,109,TOR,105
LAL,22200016,97,LAC,103
PHI,22200015,88,MIL,90
MIN,22200010,115,OKC,108
MIA,22200007,108,CHI,116
TOR,22200008,108,CLE,105
BKN,22200006,108,NOP,130
MEM,22200009,115,NYK,112
BOS,22200001,126,PHI,117
GSW,22200002,123,LAL,109
NOP,12200067,120,ATL,111
MIN,12200066,102,BKN,112
TOR,12200064,137,BOS,134
SAC,12200070,133,LAL,86
GSW,12200069,112,DEN,119
CLE,12200052,105,ATL,99
MIA,12200055,120,NOP,103
LAL,12200057,113,MIN,118
MIL,12200056,97,BKN,107
LAC,12200059,115,DEN,126
PHX,12200058,104,SAC,105
CHI,12200049,127,MIL,104
CLE,12200044,97,PHI,113
DEN,12200046,107,PHX,105
LAC,12200042,117,MIN,119
GSW,12200040,121,LAL,124
TOR,12200037,98,CHI,115
MIL,12200036,109,ATL,118
CHI,12200031,131,DEN,113
MEM,12200033,108,MIA,111
LAL,12200028,99,MIN,114
BKN,12200024,80,MIA,109
ATL,12200023,123,MIL,113
PHI,12200019,113,CLE,112
BOS,12200020,119,TOR,125
LAL,12200022,115,PHX,119
CHI,12200016,125,NOP,129
MIA,12200015,111,MIN,121
LAL,12200012,75,SAC,105
DEN,12200011,101,OKC,112
BKN,12200009,108,PHI,127
MIL,12200003,102,MEM,107
TOR,1522200071,80,MIL,69
NOP,1522200073,107,OKC,71
PHI,1522200065,104,CHI,119
BOS,1522200066,95,BKN,102
LAC,1522200069,83,MIA,86
CLE,1522200061,94,ATL,90
DEN,1522200055,71,PHI,97
PHX,1522200057,69,SAC,82
NOP,1522200060,94,LAL,102
TOR,1522200059,88,MIA,78
GSW,1522200056,82,OKC,90
MIN,1522200052,83,BKN,102
BOS,1522200047,108,MEM,91
MIL,1522200039,87,MIN,75
LAC,1522200045,75,DEN,80
OKC,1522200043,86,SAC,80
PHI,1522200044,75,MIA,71
TOR,1522200032,83,CHI,93
LAC,1522200038,72,LAL,83
GSW,1522200035,92,BOS,103
MIA,1522200034,88,ATL,95
MIA,1522200034,88,ATL,0
BKN,1522200033,84,MEM,120
ATL,1522200026,73,NOP,101
BOS,1522200028,111,MIL,109
NYK,1522200020,101,CHI,69
CLE,1522200022,76,DEN,84
BKN,1522200019,91,PHI,84
MEM,1522200024,70,MIN,63
MIA,1522200012,88,BOS,78
MEM,1522200016,76,LAC,94
PHI,1522200010,77,TOR,97
LAL,1522200009,84,PHX,104
MIL,1522200006,94,BKN,90
NYK,1522200007,101,GSW,88
MIN,1522200008,85,DEN,77
MIN,1522200008,85,DEN,1
PHI,1622200005,80,OKC,79
OKC,1622200003,87,MEM,71
MIA,1322200005,94,GSW,70
PHI,1622200001,99,MEM,103
LAL,1322200006,75,SAC,87
SAC,1322200003,81,MIA,64
GSW,1322200004,77,LAL,100
GSW,1322200002,68,SAC,86
MIA,1322200001,66,LAL,100
BOS,42100406,90,GSW,103
GSW,42100405,104,BOS,94
BOS,42100404,97,GSW,107
BOS,42100403,116,GSW,100
GSW,42100402,107,BOS,88
GSW,42100401,108,BOS,120
MIA,42100307,96,BOS,100
BOS,42100306,103,MIA,111
MIA,42100305,80,BOS,93
BOS,42100304,102,MIA,82
BOS,42100303,103,MIA,109
MIA,42100302,102,BOS,127
MIA,42100301,118,BOS,107
BOS,42100217,109,MIL,81
GSW,42100236,110,MEM,96
MIL,42100216,95,BOS,108
PHI,42100206,90,MIA,99
BOS,42100215,107,MIL,110
MEM,42100235,134,GSW,95
MIA,42100205,120,PHI,85
MIL,42100214,108,BOS,116
GSW,42100234,101,MEM,98
PHI,42100204,116,MIA,108
GSW,42100233,142,MEM,112
MIL,42100213,103,BOS,101
PHI,42100203,99,MIA,79
MIA,42100202,119,PHI,103
BOS,42100212,109,MIL,86
MEM,42100232,106,GSW,101
MIA,42100201,106,PHI,92
BOS,42100211,89,MIL,101
MEM,42100231,116,GSW,117
MIN,42100156,106,MEM,114
TOR,42100136,97,PHI,132
NOP,42100146,109,PHX,115
MIL,42100125,116,CHI,100
GSW,42100165,102,DEN,98
MIA,42100105,97,ATL,94
MEM,42100155,111,MIN,109
PHX,42100145,112,NOP,97
BKN,42100114,112,BOS,116
PHI,42100135,88,TOR,103
DEN,42100164,126,GSW,121
CHI,42100124,95,MIL,119
NOP,42100144,118,PHX,103
ATL,42100104,86,MIA,110
BKN,42100113,103,BOS,109
MIN,42100154,119,MEM,118
TOR,42100134,110,PHI,102
ATL,42100103,111,MIA,110
CHI,42100123,81,MIL,111
NOP,42100143,111,PHX,114
MIN,42100153,95,MEM,104
DEN,42100163,113,GSW,118
MIL,42100122,110,CHI,114
BOS,42100112,114,BKN,107
TOR,42100133,101,PHI,104
MEM,42100152,124,MIN,96
MIA,42100102,115,ATL,105
PHX,42100142,114,NOP,125
PHI,42100132,112,TOR,97
GSW,42100162,126,DEN,106
MIA,42100101,115,ATL,91
BOS,42100111,115,BKN,114
PHX,42100141,110,NOP,99
MIL,42100121,93,CHI,86
PHI,42100131,131,TOR,111
GSW,42100161,123,DEN,107
MEM,42100151,117,MIN,130
LAC,52100211,101,NOP,105
CLE,52100201,101,ATL,107
MIN,52100121,109,LAC,104
BKN,52100101,115,CLE,108
NOP,22101225,107,GSW,128
LAC,22101222,138,OKC,88
CLE,22101218,133,MIL,115
MEM,22101223,110,BOS,139
DEN,22101220,141,LAL,146
NYK,22101226,105,TOR,94
MIN,22101224,120,CHI,124
PHX,22101229,109,SAC,116
MEM,22101213,141,NOP,114
LAC,22101212,117,SAC,98
LAL,22101211,120,OKC,101
MIA,22101207,113,ATL,109
BKN,22101205,118,CLE,107
MIL,22101198,127,BOS,121
TOR,22101197,119,PHI,114
GSW,22101202,128,LAL,112
DEN,22101201,122,MEM,109
NYK,22101191,98,BKN,110
CHI,22101193,94,BOS,117
LAC,22101195,113,PHX,109
SAC,22101188,109,NOP,123
CHI,22101183,106,MIL,127
TOR,22101182,118,ATL,108
PHX,22101189,121,LAL,110
TOR,22101172,109,MIA,114
SAC,22101176,90,GSW,109
OKC,22101174,117,PHX,96
LAC,22101177,119,NOP,100
LAL,22101168,118,DEN,129
CLE,22101170,108,PHI,112
CHI,22101164,109,MIA,127
NYK,22101162,101,CLE,119
ATL,22101163,122,BKN,115
LAL,22101160,111,NOP,114
MEM,22101155,122,PHX,114
DEN,22101159,130,MIN,136
MIL,22101156,119,LAC,153
ATL,22100452,131,CLE,107
BKN,22101148,119,MIL,120
CHI,22101149,135,LAC,130
BOS,22101139,98,MIA,106
TOR,22101141,125,MIN,102
GSW,22101145,103,PHX,107
OKC,22101143,118,ATL,136
PHI,22101131,116,MIL,118
MEM,22101129,123,GSW,95
TOR,22101127,115,BOS,112
MIA,22101125,123,SAC,100
NYK,22101126,109,CHI,104
BOS,22101116,134,MIN,112
NOP,22101119,116,LAL,108
PHX,22101118,114,PHI,104
MIA,22101111,95,BKN,110
CLE,22101110,94,CHI,98
MEM,22101112,127,MIL,102
DEN,22101113,113,OKC,107
ATL,22101102,121,GSW,110
LAC,22101106,97,PHI,122
MIA,22101103,103,NYK,111
NOP,22101098,126,CHI,109
TOR,22101095,117,CLE,104
DEN,22101099,130,PHX,140
LAL,22101093,121,PHI,126
MIN,22101090,116,PHX,125
MEM,22101089,132,BKN,120
MIA,22101088,104,GSW,118
MIL,22101082,126,CHI,98
DEN,22101083,127,LAC,115
NYK,22101081,111,ATL,117
OKC,22101078,123,BOS,132
CHI,22101076,113,TOR,99
PHI,22101074,113,MIA,106
CLE,22101072,120,LAL,131
SAC,22101066,124,PHX,127
ATL,22101064,112,NOP,117
DEN,22101068,104,BOS,124
PHI,22101069,88,TOR,93
MIN,22101058,138,MIL,119
CLE,22101049,119,DEN,116
PHX,22101056,129,CHI,102
SAC,22101057,97,BOS,126
TOR,22101051,123,LAL,128
ATL,22101047,120,MEM,105
MIA,22101052,120,OKC,108
LAC,22101044,100,TOR,103
GSW,22101042,88,BOS,110
CLE,22101034,114,PHI,118
MIN,22101039,124,LAL,104
SAC,22101043,126,MIL,135
NOP,22101032,115,PHX,131
LAL,22101028,103,TOR,114
SAC,22101026,112,CHI,103
CLE,22101020,120,LAC,111
PHI,22101022,110,DEN,114
PHX,22101019,140,LAL,111
BKN,22101012,110,NYK,107
OKC,22101018,118,MEM,125
DEN,22101009,115,TOR,127
MIA,22101005,104,MIN,113
GSW,22101008,122,MIL,109
CHI,22101006,101,CLE,91
PHX,22101003,112,TOR,117
MIA,22100998,117,CLE,105
ATL,22100996,112,LAC,106
MEM,22101000,118,NYK,114
DEN,22100994,102,GSW,113
PHI,22100993,100,BKN,129
SAC,22100991,100,DEN,106
MIN,22100986,132,OKC,102
MIL,22100984,124,ATL,115
MIA,22100983,90,PHX,111
MEM,22100978,132,NOP,111
GSW,22100980,112,LAC,97
OKC,22100979,115,MIL,142
DEN,22100528,131,GSW,124
SAC,22100974,115,NYK,131
PHI,22100969,121,CHI,106
DEN,22100967,138,NOP,130
BOS,22100960,126,BKN,120
MIL,22100961,132,PHX,122
CLE,22100962,104,TOR,96
LAC,22100966,93,NYK,116
MIA,22100956,99,PHI,82
LAL,22100959,124,GSW,116
PHI,22100947,125,CLE,119
CHI,22100949,112,MIL,118
OKC,22100951,101,MIN,138
PHX,22100953,115,NYK,114
LAC,22100945,132,LAL,111
BKN,22100941,107,MIA,113
BOS,22100940,120,MEM,107
ATL,22100710,130,CHI,124
PHI,22100934,123,NYK,108
DEN,22100938,107,OKC,119
NOP,22100937,125,SAC,95
MIL,22100936,120,MIA,119
MIN,22100930,129,GSW,114
BOS,22100927,107,ATL,98
TOR,22100928,109,BKN,108
OKC,22100925,110,SAC,131
MIA,22100922,112,CHI,99
CLE,22100920,122,MIN,127
BKN,22100726,97,TOR,133
LAL,22100919,95,NOP,123
NYK,22100912,109,PHI,125
MIL,22100910,123,BKN,126
CHI,22100909,110,MEM,116
DEN,22100911,115,SAC,110
ATL,22100906,127,TOR,100
NYK,22100900,100,MIA,115
PHX,22100902,102,NOP,117
MIN,22100901,102,PHI,133
LAL,22100904,102,LAC,105
MIN,22100892,119,MEM,114
CHI,22100891,112,ATL,108
OKC,22100893,104,PHX,124
SAC,22100895,110,DEN,128
BKN,22100890,106,BOS,129
MIL,22100887,120,PHI,123
GSW,22100883,116,DEN,117
CHI,22100878,125,SAC,118
MIN,22100880,91,TOR,103
NYK,22100877,106,BKN,111
PHX,22100873,103,LAC,96
NOP,22100872,109,MEM,121
ATL,22100867,124,CLE,116
PHI,22100869,87,BOS,135
NYK,22100860,123,OKC,127
NOP,22100863,120,TOR,90
LAC,22100866,119,GSW,104
BKN,22100859,109,SAC,85
BOS,22100856,105,ATL,95
TOR,22100850,109,DEN,110
MIA,22100851,115,BKN,111
PHI,22100849,103,CLE,93
CHI,22100852,106,OKC,101
GSW,22100854,117,LAL,115
CHI,22100843,134,MIN,122
BOS,22100842,108,DEN,102
PHI,22100840,100,OKC,87
GSW,22100837,114,NYK,116
PHX,22100836,131,MIL,107
NOP,22100833,97,MIA,112
OKC,22100827,98,TOR,117
SAC,22100830,132,MIN,119
SAC,22100824,114,MIN,134
PHI,22100815,109,PHX,114
LAL,22100822,116,MIL,131
DEN,22100821,132,NYK,115
MEM,22100818,135,LAC,109
BKN,22100817,91,BOS,126
OKC,22100813,98,GSW,110
CHI,22100812,124,PHX,127
DEN,22100804,124,BKN,104
CHI,22100802,108,PHI,119
LAC,22100809,113,MIL,137
SAC,22100801,113,OKC,103
LAL,22100799,122,NYK,115
DEN,22100794,105,NOP,113
TOR,22100790,125,ATL,114
GSW,22100785,126,SAC,114
TOR,22100430,127,CHI,120
LAC,22100786,111,LAL,110
ATL,22100783,124,PHX,115
SAC,22100780,112,BKN,101
NYK,22100776,108,MEM,120
MIN,22100770,130,DEN,115
TOR,22100784,110,MIA,106
PHX,22100772,121,BKN,111
PHI,22100761,122,MEM,119
NYK,22100763,116,SAC,96
CLE,22100759,93,NOP,90
BOS,22100762,122,MIA,92
ATL,22100767,100,TOR,106
ATL,22100751,129,LAL,121
MIL,22100756,100,DEN,136
GSW,22100750,110,BKN,106
MIA,22100748,120,TOR,124
NOP,22100745,97,BOS,107
PHI,22100747,103,SAC,101
MIA,22100738,121,LAC,114
MIL,22100744,123,NYK,108
NOP,22100729,105,DEN,116
PHX,22100743,134,MIN,124
ATL,22100737,108,BOS,92
PHI,22100733,105,LAL,87
GSW,22100734,124,MIN,115
BKN,22100453,118,DEN,124
ATL,22100725,121,SAC,104
CHI,22100472,111,TOR,105
MIA,22100727,110,NYK,96
CLE,22100722,115,MIL,99
BOS,22100717,128,SAC,75
PHI,22100454,117,NOP,107
BKN,22100718,96,LAL,106
OKC,22100730,110,CHI,111
CLE,22100709,95,NYK,93
NYK,22100698,110,LAC,102
MIA,22100700,113,LAL,107
MIN,22100706,136,BKN,125
MIL,22100696,133,SAC,127
CLE,22100695,94,OKC,87
ATL,22100687,110,MIA,108
MIL,22100690,94,CHI,90
PHI,22100686,101,LAC,102
DEN,22100692,118,MEM,122
NYK,22100681,91,NOP,102
MIL,22100674,126,MEM,114
DEN,22100678,130,LAC,128
CHI,22100673,117,CLE,104
ATL,22100670,134,MIN,122
NYK,22100666,110,MIN,112
ATL,22100660,121,MIL,114
MIA,22100662,104,TOR,99
MEM,22100658,119,CHI,106
BOS,22100654,104,NOP,92
CLE,22100657,114,BKN,107
MIN,22100652,119,GSW,99
MIL,22100641,96,TOR,103
ATL,22100643,108,NYK,117
DEN,22100649,133,LAL,96
BOS,22100647,114,CHI,112
BKN,22100644,120,NOP,105
OKC,22100646,102,CLE,107
MIA,22100645,98,PHI,109
PHI,22100635,111,BOS,99
CHI,22100637,96,GSW,138
MIA,22100636,124,ATL,118
MEM,22100628,116,MIN,108
BKN,22100630,109,OKC,130
NOP,22100629,113,LAC,89
MIL,22100627,118,GSW,99
SAC,22100626,125,LAL,116
ATL,22100621,91,MIA,115
CHI,22100625,112,BKN,138
NOP,22100615,128,MIN,125
TOR,22100613,95,PHX,99
LAC,22100616,87,DEN,85
MEM,22100614,116,GSW,108
SAC,22100611,108,CLE,109
TOR,22100599,105,NOP,101
LAL,22100606,119,MEM,127
GSW,22100604,96,CLE,82
LAC,22100597,106,ATL,93
OKC,22100601,95,DEN,99
LAC,22100591,108,MEM,123
BOS,22100595,99,NYK,75
PHX,22100596,100,MIA,123
BKN,22100583,109,MIL,121
LAL,22100589,134,ATL,118
OKC,22100587,105,MIN,135
DEN,22100588,121,SAC,111
NOP,22100580,101,GSW,96
NYK,22100578,108,BOS,105
PHX,22100581,106,LAC,89
MIN,22100574,98,OKC,90
MIL,22100573,111,TOR,117
SAC,22100577,102,ATL,108
CLE,22100562,106,MEM,110
LAL,22100566,122,SAC,114
NOP,22100565,110,PHX,123
GSW,22100559,115,MIA,108
BKN,22100554,104,MEM,118
LAC,22100561,104,MIN,122
SAC,22100548,115,MIA,113
LAL,22100551,108,MIN,103
TOR,22100545,120,NYK,105
BKN,22100542,116,LAC,120
MIL,22100539,136,NOP,113
OKC,22100536,95,NYK,80
CLE,22100533,118,ATL,121
TOR,22100534,116,LAC,108
BOS,22100529,123,PHX,108
BKN,22100525,102,PHI,110
PHX,22100522,115,OKC,97
BOS,22100518,82,LAC,91
MEM,22100520,104,LAL,99
CHI,22100519,131,ATL,117
MIN,22100512,88,NYK,96
SAC,22100515,117,OKC,111
GSW,22100514,86,DEN,89
TOR,22100510,109,PHI,114
NOP,22100513,108,CLE,104
PHX,22100505,113,MEM,114
LAC,22100507,108,BKN,124
ATL,22100502,118,CHI,130
MIN,22100503,108,BOS,103
CLE,22100494,144,TOR,99
SAC,22100496,102,MEM,127
OKC,22100497,117,NOP,112
LAC,22100500,100,DEN,103
NYK,22100488,101,ATL,87
PHX,22100490,107,GSW,116
LAL,22100491,115,BKN,122
MIL,22100489,117,BOS,113
PHX,22100483,113,OKC,101
GSW,22100485,113,MEM,104
PHI,22100478,96,ATL,98
OKC,22100474,108,DEN,94
SAC,22100475,89,LAC,105
BOS,22100471,111,CLE,101
LAL,22100469,90,PHX,108
GSW,22100462,113,SAC,98
MEM,22100460,99,OKC,102
BOS,22100457,103,PHI,108
CHI,22100448,115,LAL,110
MIL,22100446,90,CLE,119
OKC,22100444,104,LAC,103
BOS,22100445,114,NYK,107
TOR,22100443,119,GSW,100
SAC,22100440,105,MEM,124
ATL,22100434,115,DEN,133
NOP,22100438,116,MIL,112
BOS,22100435,107,GSW,111
MIN,22100436,110,LAL,92
BKN,22100429,114,PHI,105
DEN,22100424,107,MIN,124
OKC,22100422,110,NOP,113
PHI,22100419,96,MIA,101
BKN,22100413,131,TOR,129
NYK,22100414,96,GSW,105
MEM,22100409,126,PHI,91
LAC,22100412,111,PHX,95
TOR,22100406,124,SAC,101
BOS,22100408,117,MIL,103
CLE,22100404,105,MIA,94
NYK,22100398,97,MIL,112
PHI,22100396,102,GSW,93
MIA,22100394,118,CHI,92
CLE,22100393,117,SAC,103
ATL,22100384,105,BKN,113
OKC,22100389,95,LAL,116
PHX,22100390,111,BOS,90
TOR,22100385,90,NYK,87
MIN,22100387,106,CLE,123
MEM,22100380,108,LAL,95
MIA,22100370,113,MIL,104
LAC,22100378,114,BOS,111
NOP,22100375,114,DEN,120
CLE,22100367,115,CHI,92
TOR,22100371,109,OKC,110
LAL,22100365,117,BOS,102
MIA,22100356,90,MEM,105
CHI,22100357,109,DEN,97
MIN,22100359,110,ATL,121
MIL,22100358,112,CLE,104
MIL,22100344,124,MIA,102
BKN,22100343,107,CHI,111
NYK,22100342,99,DEN,113
SAC,22100348,104,LAC,99
BKN,22100336,110,MIN,105
GSW,22100340,118,PHX,96
ATL,22100335,96,PHI,98
LAL,22100341,115,LAC,119
NYK,22100328,115,CHI,119
TOR,22100329,97,MIL,93
MEM,22100330,152,OKC,79
LAC,22100327,115,SAC,124
MIA,22100323,85,CLE,111
BOS,22100322,88,PHI,87
BKN,22100314,112,NYK,110
SAC,22100318,92,LAL,117
TOR,22100315,91,MEM,98
PHX,22100316,104,GSW,96
LAC,22100313,104,NOP,123
MIA,22100306,111,DEN,120
TOR,22100302,97,BOS,109
MEM,22100303,128,SAC,101
LAC,22100300,90,GSW,105
BKN,22100294,107,PHX,113
PHI,22100292,120,MIN,121
CHI,22100296,104,MIA,107
ATL,22100293,90,NYK,99
LAL,22100291,137,SAC,141
DEN,22100288,109,MIL,120
NYK,22100282,97,PHX,118
MEM,22100285,100,ATL,132
MEM,22100272,113,TOR,126
GSW,22100278,116,PHI,96
MIN,22100274,113,MIA,101
CLE,22100267,115,PHX,120
BOS,22100270,104,BKN,123
NYK,22100264,106,LAL,100
ATL,22100255,113,OKC,101
NOP,22100259,96,MIN,110
CLE,22100253,112,BKN,117
SAC,22100262,94,PHI,102
PHX,22100251,126,DEN,97
GSW,22100252,119,TOR,104
CHI,22100250,109,NYK,103
BOS,22100243,111,OKC,105
MIN,22100245,138,MEM,95
SAC,22100238,89,TOR,108
DEN,22100236,108,CHI,114
NOP,22100235,94,LAC,81
BOS,22100232,130,LAL,108
MIL,22100234,96,OKC,89
MEM,22100226,120,LAC,108
DEN,22100228,89,PHI,103
CLE,22100224,89,GSW,104
MIN,22100220,107,SAC,97
ATL,22100215,110,BOS,99
MIL,22100219,109,LAL,102
MIA,22100217,113,NOP,98
BKN,22100216,109,CLE,99
BKN,22100210,99,GSW,117
MIN,22100206,96,PHX,99
LAL,22100209,103,CHI,121
CLE,22100199,92,BOS,98
OKC,22100207,90,MIA,103
ATL,22100193,120,MIL,100
LAC,22100198,90,CHI,100
OKC,22100196,96,BKN,120
NOP,22100188,112,MEM,101
CLE,22100190,91,BOS,89
LAC,22100191,129,MIN,102
LAL,22100184,83,MIN,107
NOP,22100179,112,BKN,120
GSW,22100183,119,CHI,93
BOS,22100175,122,MIL,113
OKC,22100180,105,SAC,103
DEN,22100182,105,ATL,96
MEM,22100178,94,PHX,119
LAC,22100173,112,MIA,109
PHI,22100171,109,TOR,115
LAL,22100170,120,MIA,117
BOS,22100160,104,TOR,88
GSW,22100169,123,MIN,110
NYK,22100161,100,MIL,112
NOP,22100165,100,OKC,108
PHI,22100155,109,MIL,118
PHI,22100147,96,NYK,103
SAC,22100153,104,PHX,109
MEM,22100149,125,MIN,118
GSW,22100152,127,ATL,113
CHI,22100148,118,BKN,95
DEN,22100151,113,MIA,96
TOR,22100139,103,BKN,116
NYK,22100140,109,CLE,126
PHX,22100137,121,ATL,117
CHI,22100135,105,PHI,114
MIL,22100128,98,NYK,113
TOR,22100127,101,CLE,102
MIN,22100129,84,LAC,104
GSW,22100130,126,NOP,85
MIA,22100121,78,BOS,95
LAL,22100123,104,OKC,107
MIN,22100115,115,LAC,126
PHI,22100111,103,CHI,98
MEM,22100114,108,DEN,106
SAC,22100118,112,NOP,99
BKN,22100113,117,ATL,108
PHX,22100106,112,NOP,100
NYK,22100099,104,TOR,113
MEM,22100100,106,DEN,97
BOS,22100098,114,CHI,128
LAC,22100102,99,OKC,94
GSW,22100086,103,OKC,82
NOP,22100080,117,NYK,123
PHI,22100082,122,ATL,94
PHX,22100088,101,CLE,92
MEM,22100084,103,MIA,129
MIN,22100087,91,DEN,93
LAL,22100077,113,CLE,101
NOP,22100074,109,SAC,113
CHI,22100067,103,NYK,104
GSW,22100070,101,MEM,104
OKC,22100061,123,LAL,115
LAC,22100064,79,CLE,92
BKN,22100057,93,MIA,106
NOP,22100059,99,ATL,102
MIL,22100060,108,MIN,113
PHX,22100062,107,SAC,110
OKC,22100051,98,GSW,106
NYK,22100050,112,PHI,99
DEN,22100048,87,CLE,99
MIN,22100047,98,NOP,107
TOR,22100046,108,CHI,111
OKC,22100038,103,PHI,115
LAL,22100040,121,MEM,118
SAC,22100039,107,GSW,119
LAC,22100034,114,MEM,120
CLE,22100027,101,ATL,95
MIN,22100031,96,NOP,89
BOS,22100020,83,TOR,115
PHI,22100021,109,BKN,114
CHI,22100022,128,NOP,112
LAL,22100025,105,PHX,115
GSW,22100016,115,LAC,113
MIA,22100015,137,MIL,95
PHX,22100012,98,DEN,110
NYK,22100005,138,BOS,134
NOP,22100009,97,PHI,117
MEM,22100007,132,CLE,121
LAL,22100002,114,GSW,121
MIL,22100001,127,BKN,104
MIA,12100059,121,BOS,100
CHI,12100063,118,MEM,105
SAC,12100058,116,LAL,112
ATL,12100055,127,MIA,92
OKC,12100057,107,DEN,113
BKN,12100056,107,MIN,101
OKC,12100052,108,DEN,99
LAL,12100047,99,GSW,111
PHI,12100041,115,BKN,104
LAC,12100045,100,MIN,128
MIL,12100037,130,OKC,110
CLE,12100036,101,CHI,102
LAL,12100038,94,PHX,123
MEM,12100034,87,ATL,91
BOS,12100032,113,TOR,111
GSW,12100031,121,LAL,114
BKN,12100026,119,MIL,115
DEN,12100030,112,MIN,114
CHI,12100027,121,NOP,85
PHI,12100023,125,TOR,113
GSW,12100019,118,DEN,116
LAC,12100021,98,SAC,113
ATL,12100016,96,CLE,99
PHX,12100020,117,LAL,105
MEM,12100014,87,MIL,77
CHI,12100012,131,CLE,95
MIN,12100005,117,NOP,114
TOR,12100002,123,PHI,107
SAC,12100009,117,PHX,106
LAC,12100010,103,DEN,102
MIA,12100004,125,ATL,99
LAL,12100001,97,BKN,123
BOS,1522100075,67,SAC,100
GSW,1522100073,76,LAL,84
MIN,1522100074,59,NOP,87
TOR,1522100072,86,BKN,72
DEN,1522100062,94,MIL,87
LAC,1522100067,95,MEM,104
NYK,1522100065,104,ATL,85
PHX,1522100064,85,CLE,88
CHI,1522100060,91,MEM,96
PHI,1522100057,96,MIN,99
NOP,1522100059,80,GSW,79
NYK,1522100050,103,CLE,94
BOS,1522100047,100,PHI,80
MIA,1522100046,90,ATL,94
SAC,1522100043,90,MEM,75
CLE,1522100040,74,NOP,87
LAC,1522100044,84,LAL,86
OKC,1522100041,84,GSW,94
MIL,1522100038,64,MIN,91
MIN,1522100031,78,CHI,59
ATL,1522100036,88,PHI,96
DEN,1522100037,84,PHX,90
LAL,1522100029,82,NYK,91
BKN,1522100023,97,MIL,91
NOP,1522100026,80,OKC,65
MEM,1522100024,94,MIA,97
GSW,1522100027,90,TOR,84
DEN,1522100018,82,BOS,107
MEM,1522100011,91,BKN,84
CHI,1522100009,77,NOP,94
MIL,1522100015,81,LAC,78
MIA,1522100007,97,DEN,77
NYK,1522100002,79,TOR,89
ATL,1522100001,83,BOS,85
PHX,1522100008,72,LAL,73
SAC,1322100004,74,LAL,84
GSW,1322100003,87,MIA,94
SAC,1322100002,82,GSW,89
MIA,1322100001,80,LAL,78
MIL,42000406,105,PHX,98
PHX,42000405,119,MIL,123
MIL,42000404,109,PHX,103
MIL,42000403,120,PHX,100
PHX,42000402,118,MIL,108
PHX,42000401,118,MIL,105
ATL,42000306,107,MIL,118
MIL,42000305,123,ATL,112
LAC,42000316,103,PHX,130
ATL,42000304,110,MIL,88
PHX,42000315,102,LAC,116
ATL,42000303,102,MIL,113
LAC,42000314,80,PHX,84
MIL,42000302,125,ATL,91
LAC,42000313,106,PHX,92
MIL,42000301,113,ATL,116
PHX,42000312,104,LAC,103
PHX,42000311,120,LAC,114
PHI,42000207,96,ATL,103
BKN,42000217,111,MIL,115
ATL,42000206,99,PHI,104
MIL,42000216,104,BKN,89
PHI,42000205,106,ATL,109
BKN,42000215,114,MIL,108
ATL,42000204,103,PHI,100
MIL,42000214,107,BKN,96
DEN,42000234,118,PHX,125
ATL,42000203,111,PHI,127
DEN,42000233,102,PHX,116
MIL,42000213,86,BKN,83
PHX,42000232,123,DEN,98
PHI,42000202,118,ATL,102
BKN,42000212,125,MIL,86
PHX,42000231,122,DEN,105
PHI,42000201,124,ATL,128
BKN,42000211,115,MIL,107
LAL,42000156,100,PHX,113
NYK,42000135,89,ATL,103
PHX,42000155,115,LAL,85
BKN,42000115,123,BOS,109
LAL,42000154,92,PHX,100
BOS,42000114,126,BKN,141
ATL,42000134,113,NYK,96
MIA,42000124,103,MIL,120
BOS,42000113,125,BKN,119
ATL,42000133,105,NYK,94
MIA,42000123,84,MIL,113
LAL,42000153,109,PHX,95
NYK,42000132,101,ATL,92
PHX,42000152,102,LAL,109
BKN,42000112,130,BOS,108
MIL,42000122,132,MIA,98
NYK,42000131,105,ATL,107
PHX,42000151,99,LAL,90
BKN,42000111,104,BOS,93
MIL,42000121,109,MIA,107
GSW,52000211,112,MEM,117
LAL,52000121,103,GSW,100
CHI,22001068,118,MIL,112
GSW,22001070,113,MEM,101
NOP,22001072,98,LAL,110
BKN,22001067,123,CLE,109
NYK,22001073,96,BOS,92
OKC,22001074,117,LAC,112
MIN,22001063,108,BOS,124
MIL,22001062,122,MIA,108
BKN,22001060,105,CHI,91
MEM,22000263,107,SAC,106
GSW,22001059,125,NOP,122
CHI,22001051,114,TOR,102
MEM,22000255,116,SAC,110
MIN,22001052,103,DEN,114
MIA,22001050,106,PHI,94
CLE,22001044,102,BOS,94
TOR,22001034,96,LAC,115
GSW,22001039,122,PHX,116
CHI,22001036,107,BKN,115
BOS,22001032,121,MIA,129
SAC,22001040,122,OKC,106
LAL,22001041,101,NYK,99
MEM,22001028,115,NOP,110
LAL,22001024,123,PHX,110
SAC,22001025,126,OKC,98
LAC,22001019,100,NYK,106
BOS,22000145,124,MIA,130
GSW,22001017,136,OKC,97
DEN,22001015,119,BKN,125
TOR,22001014,99,MEM,109
MIA,22001005,121,MIN,112
CHI,22000160,121,BOS,99
PHI,22001003,109,NOP,107
PHX,22001009,128,NYK,105
LAC,22001002,118,LAL,94
GSW,22001001,118,OKC,97
MIN,22000183,135,MEM,139
ATL,22000992,135,PHX,103
DEN,22000995,113,NYK,97
MIL,22000985,124,BKN,118
CLE,22000983,118,PHX,134
NOP,22000987,108,GSW,103
OKC,22000988,99,SAC,103
LAC,22000989,105,TOR,100
CHI,22000979,94,PHI,106
LAL,22000982,93,DEN,89
MEM,22000980,104,NYK,118
NOP,22000977,108,GSW,123
MIL,22000967,117,BKN,114
LAL,22000974,114,TOR,121
OKC,22000972,120,PHX,123
LAC,22000966,104,DEN,110
ATL,22000959,108,CHI,97
MIN,22000962,136,NOP,140
CLE,22000960,107,MIA,124
CHI,22000954,98,MIL,108
LAL,22000956,106,SAC,110
PHI,22000949,126,ATL,104
DEN,22000948,121,TOR,111
OKC,22000947,95,NOP,109
MIN,22000946,126,GSW,114
PHX,22000941,109,LAC,101
NYK,22000937,113,CHI,94
DEN,22000940,114,NOP,112
PHI,22000934,127,ATL,83
BOS,22000927,115,OKC,119
TOR,22000930,103,BKN,116
TOR,22000921,112,CLE,96
PHI,22000918,121,OKC,90
DEN,22000925,120,MEM,96
NOP,22000924,120,LAC,103
NYK,22000920,110,PHX,118
MIA,22000922,102,CHI,110
ATL,22000913,111,MIL,104
GSW,22000915,117,SAC,113
BKN,22000912,128,PHX,119
MIA,22000907,106,CHI,101
MIL,22000905,132,PHI,94
NYK,22000904,120,TOR,103
ATL,22000898,118,MIA,103
BKN,22000899,109,BOS,104
GSW,22000903,118,DEN,97
MIL,22000894,124,PHI,117
BOS,22000892,99,PHX,86
TOR,22000884,114,BKN,103
SAC,22000891,128,MIN,125
PHI,22000883,113,PHX,116
NYK,22000886,137,ATL,127
LAC,22000889,117,MEM,105
CLE,22000881,121,CHI,105
SAC,22000880,120,MIN,134
NOP,22000878,129,BKN,134
BOS,22000869,96,CHI,102
PHI,22000870,96,GSW,107
MIL,22000873,127,PHX,128
DEN,22000874,139,MEM,137
TOR,22000865,112,OKC,106
NYK,22000862,122,NOP,112
LAC,22000867,124,MIN,105
MIA,22000863,109,BKN,107
CHI,22000857,106,CLE,96
BOS,22000858,119,GSW,114
MIL,22000859,115,MEM,128
PHI,22000846,106,LAC,103
CHI,22000850,115,MEM,126
MIN,22000852,119,MIA,111
ATL,22000840,109,MIL,120
CLE,22000841,101,GSW,119
PHX,22000843,122,SAC,114
LAL,22000842,113,BOS,121
MIN,22000834,105,MIL,130
NOP,22000835,106,NYK,116
PHI,22000830,123,BKN,117
OKC,22000836,109,GSW,147
DEN,22000838,123,MIA,106
TOR,22000824,103,ATL,108
MIN,22000817,97,BKN,127
PHX,22000827,106,MIA,86
MEM,22000278,101,CHI,90
NOP,22000819,117,SAC,110
NYK,22000815,111,LAL,96
GSW,22000821,116,DEN,107
NYK,22000809,102,TOR,96
MIN,22000812,121,CHI,117
DEN,22000806,87,BOS,105
CLE,22000807,109,NOP,116
BKN,22000800,101,LAL,126
CLE,22000794,115,TOR,135
OKC,22000199,93,PHI,117
NYK,22000793,133,MEM,129
BOS,22000792,145,MIN,136
ATL,22000791,120,CHI,108
NOP,22000795,101,PHI,94
OKC,22000785,102,CLE,129
MIA,22000784,110,LAL,104
LAC,22000788,113,PHX,103
TOR,22000523,113,CHI,122
BKN,22000779,139,NOP,111
ATL,22000780,113,MEM,131
BOS,22000778,101,NYK,99
ATL,22000770,123,NOP,107
MIA,22000773,112,MEM,124
GSW,22000774,122,MIL,121
TOR,22000772,101,LAL,110
BOS,22000771,96,PHI,106
BKN,22000762,114,NYK,112
MIN,22000765,116,SAC,106
LAC,22000756,104,LAL,86
CHI,22000755,115,BKN,107
ATL,22000759,117,GSW,111
PHI,22000758,100,MEM,116
MIA,22000749,115,CLE,101
SAC,22000754,128,MIL,129
PHI,22000750,122,MIN,113
TOR,22000737,130,GSW,77
MEM,22000741,120,MIN,108
PHX,22000744,140,OKC,103
NOP,22000742,103,ATL,126
SAC,22000746,94,LAL,115
MIA,22000733,116,GSW,109
LAC,22000736,94,DEN,101
CLE,22000731,94,PHI,114
LAL,22000729,97,MIL,112
OKC,22000727,113,TOR,103
MIN,22000726,102,NYK,101
PHX,22000730,121,CHI,116
PHX,22000171,117,ATL,110
DEN,22000719,104,PHI,95
BKN,22000709,112,MIN,107
BOS,22000708,109,NOP,115
LAC,22000717,129,MIL,105
NYK,22000710,88,MIA,98
GSW,22000716,116,CHI,102
DEN,22000705,126,ATL,102
OKC,22000699,94,BOS,111
SAC,22000702,100,CLE,98
MIL,22000695,96,NYK,102
LAC,22000701,122,PHI,112
GSW,22000692,108,ATL,124
MIL,22000685,114,BOS,122
LAL,22000693,100,CLE,86
NOP,22000689,108,DEN,113
TOR,22000684,100,PHX,104
LAL,22000681,101,PHI,109
SAC,22000682,141,GSW,119
OKC,22000674,107,MEM,116
CHI,22000671,94,CLE,103
MIL,22000669,121,BOS,119
TOR,22000668,135,DEN,111
SAC,22000677,110,ATL,108
NOP,22000663,128,LAL,111
GSW,22000665,98,PHI,108
MIA,22000664,100,PHX,110
MIN,22000654,103,OKC,112
CLE,22000653,105,SAC,119
MEM,22000658,132,BOS,126
LAC,22000660,119,ATL,110
DEN,22000646,108,NOP,113
PHX,22000651,111,LAL,94
CLE,22000648,116,TOR,105
NYK,22000650,100,PHI,101
MEM,22000642,111,GSW,103
LAL,22000640,94,ATL,99
PHI,22000641,129,SAC,105
PHX,22000638,113,MIN,101
DEN,22000637,131,CHI,127
MEM,22000636,103,GSW,116
BOS,22000631,96,SAC,107
PHX,22000628,119,MIN,123
ATL,22000626,116,OKC,93
PHI,22000618,105,MIL,109
CLE,22000620,117,BOS,110
MEM,22000623,89,MIA,85
LAL,22000615,137,MIN,121
CHI,22000612,123,OKC,102
MIA,22000610,113,CLE,98
PHI,22000611,99,NYK,96
GSW,22000608,97,LAL,128
PHX,22000607,122,MEM,99
BKN,22000604,117,NYK,112
NOP,22000601,135,LAC,115
CHI,22000600,118,TOR,95
OKC,22000593,128,MEM,122
ATL,22000597,100,CLE,82
ATL,22000590,121,SAC,106
OKC,22000586,97,NYK,119
NOP,22000581,116,CLE,82
CHI,22000582,90,MIA,101
MEM,22000580,102,DEN,103
NOP,22000574,105,MIN,135
MIL,22000573,134,NYK,101
LAC,22000576,130,GSW,104
CHI,22000572,105,PHI,127
TOR,22000570,120,ATL,121
BKN,22000569,121,BOS,109
MEM,22000555,111,MIL,112
BOS,22000552,132,TOR,125
NOP,22000557,93,MIA,103
PHX,22000185,120,GSW,98
SAC,22000551,123,LAL,120
NOP,22000548,124,CHI,128
LAL,22000542,104,PHX,114
MIL,22000540,97,DEN,128
BOS,22000537,117,LAC,112
MIA,22000538,80,ATL,94
CHI,22000531,112,DEN,118
MIL,22000520,105,LAC,100
MIA,22000522,109,ATL,99
LAL,22000527,117,GSW,91
MIN,22000526,99,PHX,118
PHI,22000513,109,CLE,112
OKC,22000518,96,DEN,126
CHI,22000508,97,PHX,106
OKC,22000510,118,ATL,109
MEM,22000509,99,LAC,119
MEM,22000501,122,LAC,94
MIL,22000503,129,NOP,125
NYK,22000500,140,SAC,121
ATL,22000490,127,BOS,112
MIA,22000492,116,TOR,108
CHI,22000493,133,MIN,126
NYK,22000483,106,GSW,114
BKN,22000482,127,SAC,118
CLE,22000480,112,ATL,111
TOR,22000484,102,PHI,109
MIL,22000486,139,MIN,112
OKC,22000475,94,MIA,108
TOR,22000468,110,PHI,103
NYK,22000469,103,MIN,99
MIL,22000471,128,SAC,115
ATL,22000470,123,DEN,115
NOP,22000465,120,BOS,115
LAC,22000472,108,BKN,112
CLE,22000466,101,OKC,117
MEM,22000462,97,PHX,128
CHI,22000460,122,SAC,114
LAL,22000463,94,MIA,96
NOP,22000455,114,PHX,132
BOS,22000451,121,ATL,109
CLE,22000563,103,DEN,120
MIL,22000453,98,OKC,85
MIN,22000454,81,TOR,86
PHI,22000450,112,CHI,105
LAL,22000446,98,BKN,109
SAC,22000447,110,MIA,118
MIL,22000445,96,TOR,110
BOS,22000438,114,ATL,122
GSW,22000443,120,MIA,112
MEM,22000562,122,OKC,113
MIL,22000430,113,TOR,124
MIN,22000431,104,LAL,112
MEM,22000429,113,NOP,144
PHX,22000433,124,BKN,128
BOS,22000427,112,DEN,99
LAC,22000425,125,MIA,118
NYK,22000422,123,ATL,112
SAC,22000426,125,BKN,136
GSW,22000424,129,CLE,98
TOR,22000413,112,MIN,116
DEN,22000416,122,LAL,105
LAC,22000419,128,CLE,111
OKC,22000415,114,MIL,109
SAC,22000418,110,MEM,124
PHX,22000406,120,PHI,111
GSW,22000409,117,BKN,134
CHI,22000400,106,LAC,125
LAL,22000403,115,MEM,105
DEN,22000401,97,OKC,95
BOS,22000398,120,TOR,106
CHI,22000385,129,NOP,116
PHX,22000389,125,MIL,124
LAL,22000390,114,OKC,113
MIN,22000387,112,LAC,119
DEN,22000388,133,CLE,95
SAC,22000381,111,PHI,119
MIA,22000376,98,NYK,96
PHX,22000372,119,CLE,113
DEN,22000373,112,MIL,125
LAL,22000374,119,OKC,112
MEM,22000369,113,TOR,128
NYK,22000364,103,MIA,109
PHX,22000365,100,BOS,91
LAC,22000366,110,SAC,113
PHI,22000354,124,BKN,108
ATL,22000356,132,TOR,121
SAC,22000352,119,DEN,114
NOP,22000355,118,MEM,109
OKC,22000359,120,MIN,118
CLE,22000357,99,MIL,124
BKN,22000345,117,TOR,123
OKC,22000348,103,MIN,106
CLE,22000346,105,MIL,123
LAC,22000350,115,BOS,119
LAL,22000341,114,DEN,93
CHI,22000332,103,NYK,107
SAC,22000336,116,BOS,111
NOP,22000335,123,PHX,101
CLE,22000328,99,LAC,121
BKN,22000324,124,LAC,120
GSW,22000326,107,BOS,111
CLE,22000312,100,MIN,98
NOP,22000317,109,SAC,118
CHI,22000315,110,NYK,102
ATL,22000313,99,LAL,107
NYK,22000308,115,LAC,129
MIN,22000311,109,CLE,104
BOS,22000302,95,LAL,96
MIA,22000301,105,SAC,104
MIN,22000294,94,PHI,118
TOR,22000292,124,SAC,126
NOP,22000293,131,MIL,126
NYK,22000291,102,CLE,81
OKC,22000295,125,BKN,147
MIA,22000285,105,LAC,109
PHX,22000286,114,GSW,93
PHI,22000276,107,LAL,106
GSW,22000283,123,MIN,111
MIA,22000275,82,DEN,109
ATL,22000274,128,BKN,132
TOR,22000277,108,MIL,115
PHX,22000281,97,OKC,102
ATL,22000268,108,LAC,99
CHI,22000262,103,BOS,119
GSW,22000266,130,MIN,108
CLE,22000261,108,LAL,115
BKN,22000260,98,MIA,85
LAC,22000251,108,OKC,100
MIL,22000254,129,ATL,115
BOS,22000250,141,CLE,103
MIN,22000246,120,NOP,110
BKN,22000244,128,MIA,124
PHX,22000248,112,DEN,120
CHI,22000245,90,LAL,101
LAC,22000239,120,OKC,106
PHX,22000238,126,DEN,130
MIN,22000236,98,ATL,116
SAC,22000241,103,NYK,94
TOR,22000234,101,MIA,81
CLE,22000232,125,BKN,113
PHI,22000233,122,BOS,110
MIL,22000226,106,LAL,113
GSW,22000228,104,NYK,119
LAC,22000224,115,SAC,96
PHI,22000218,117,BOS,109
TOR,22000220,102,MIA,111
CLE,22000216,147,BKN,135
DEN,22000213,119,OKC,101
ATL,22000205,108,MIN,97
BKN,22000209,125,MIL,123
LAL,22000212,113,GSW,115
MEM,22000208,108,PHX,104
BOS,22000196,75,NYK,105
SAC,22000201,123,NOP,128
MEM,22000193,106,PHI,104
LAL,22000187,112,NOP,95
CLE,22000181,106,NYK,103
SAC,22000188,100,LAC,138
OKC,22000184,127,CHI,125
PHI,22000174,125,MIA,108
DEN,22000177,114,GSW,104
NYK,22000168,109,BKN,116
LAC,22000172,111,NOP,106
MIN,22000169,107,MEM,118
OKC,22000170,99,LAL,128
PHI,22000157,137,MIA,134
BKN,22000158,122,DEN,116
CLE,22000150,91,MEM,101
ATL,22000153,112,PHI,94
LAC,22000142,130,CHI,127
GSW,22000148,106,TOR,105
BKN,22000143,116,OKC,129
NYK,22000144,89,DEN,114
MIL,22000137,100,CLE,90
PHI,22000133,103,DEN,115
LAL,22000131,117,CHI,115
SAC,22000132,123,TOR,144
NYK,22000125,89,OKC,101
MEM,22000128,115,BKN,110
GSW,22000130,115,LAC,105
BKN,22000118,122,PHI,109
MEM,22000119,90,CLE,94
GSW,22000116,101,LAC,108
SAC,22000117,128,CHI,124
NOP,22000114,110,OKC,111
PHX,22000115,123,TOR,115
MIA,22000111,105,BOS,107
DEN,22000104,123,MIN,116
MEM,22000103,92,LAL,94
MIA,22000096,118,OKC,90
GSW,22000101,137,SAC,106
TOR,22000097,114,BOS,126
ATL,22000095,108,NYK,113
MIN,22000088,109,DEN,124
MEM,22000087,94,LAL,108
PHX,22000091,107,LAC,112
NOP,22000084,120,TOR,116
ATL,22000083,91,CLE,96
DEN,22000076,103,PHX,106
MIL,22000073,126,CHI,96
BKN,22000072,96,ATL,114
TOR,22000066,100,NYK,83
OKC,22000067,80,NOP,113
BOS,22000056,126,MEM,107
BKN,22000057,145,ATL,141
MIA,22000058,119,MIL,108
MIA,22000051,97,MIL,144
SAC,22000055,125,DEN,115
LAC,22000054,124,MIN,101
PHX,22000053,111,NOP,86
CLE,22000046,86,NYK,95
PHI,22000049,100,TOR,93
BKN,22000042,111,MEM,116
NYK,22000036,130,MIL,110
LAL,22000040,127,MIN,91
SAC,22000039,100,PHX,116
CHI,22000038,128,GSW,129
CLE,22000035,118,PHI,94
SAC,22000030,106,PHX,103
MEM,22000021,112,ATL,122
NYK,22000025,89,PHI,109
MIL,22000006,138,GSW,99
BOS,22000007,95,BKN,123
MIA,22000005,111,NOP,98
DEN,22000009,108,LAC,121
BOS,22000003,122,MIL,121
CHI,22000015,104,ATL,124
TOR,22000014,99,NOP,113
DEN,22000019,122,SAC,124
LAL,22000002,109,LAC,116
BKN,22000001,125,GSW,99
MEM,12000049,116,ATL,117
OKC,12000044,103,CHI,105
BOS,12000041,89,BKN,113
NOP,12000043,127,MIL,113
TOR,12000040,105,MIA,117
PHX,12000046,113,LAL,114
NYK,12000042,119,CLE,83
SAC,12000038,105,GSW,113
MEM,12000035,128,ATL,106
PHX,12000031,107,LAL,112
NYK,12000028,100,CLE,93
OKC,12000029,103,CHI,124
SAC,12000027,114,GSW,113
PHI,12000025,108,BOS,99
MIN,12000023,104,MEM,123
MIA,12000021,92,NOP,114
LAL,12000018,131,LAC,106
GSW,12000011,107,DEN,105
MIN,12000010,105,MEM,107
LAL,12000004,87,LAC,81
MIA,41900406,93,LAL,106
LAL,41900405,108,MIA,111
MIA,41900404,96,LAL,102
MIA,41900403,115,LAL,104
LAL,41900402,124,MIA,114
LAL,41900401,116,MIA,98
MIA,41900306,125,BOS,113
LAL,41900315,117,DEN,107
BOS,41900305,121,MIA,108
DEN,41900314,108,LAL,114
MIA,41900304,112,BOS,109
DEN,41900313,114,LAL,106
LAL,41900312,105,DEN,103
MIA,41900303,106,BOS,117
LAL,41900311,126,DEN,114
BOS,41900302,101,MIA,106
LAC,41900237,89,DEN,104
BOS,41900301,114,MIA,117
DEN,41900236,111,LAC,98
TOR,41900217,87,BOS,92
LAC,41900235,105,DEN,111
BOS,41900216,122,TOR,125
DEN,41900234,85,LAC,96
MIL,41900205,94,MIA,103
TOR,41900215,89,BOS,111
DEN,41900233,107,LAC,113
MIA,41900204,115,MIL,118
BOS,41900214,93,TOR,100
LAC,41900232,101,DEN,110
MIA,41900203,115,MIL,100
LAC,41900231,120,DEN,97
BOS,41900213,103,TOR,104
MIL,41900202,114,MIA,116
TOR,41900212,99,BOS,102
MIL,41900201,104,MIA,115
TOR,41900211,94,BOS,112
BKN,41900114,122,TOR,150
PHI,41900124,106,BOS,110
BKN,41900113,92,TOR,117
PHI,41900123,94,BOS,102
BOS,41900122,128,PHI,101
TOR,41900112,104,BKN,99
TOR,41900111,134,BKN,110
BOS,41900121,109,PHI,101
TOR,21901318,117,DEN,109
LAC,21901317,107,OKC,103
MEM,21901311,119,MIL,106
LAL,21901310,122,SAC,136
DEN,21901307,111,LAC,124
PHI,21901305,121,TOR,125
OKC,21901306,116,MIA,115
SAC,21901302,112,NOP,106
PHI,21901299,117,PHX,130
MEM,21901301,107,BOS,122
PHX,21901292,128,OKC,101
LAL,21901296,124,DEN,121
MIL,21901294,106,TOR,114
TOR,21901286,108,MEM,99
LAC,21901291,120,BKN,129
MIA,21901283,112,PHX,119
BKN,21901276,119,SAC,106
MEM,21901275,121,OKC,92
TOR,21901279,100,BOS,122
MIL,21901269,130,MIA,116
SAC,21901268,140,NOP,125
LAL,21901265,86,OKC,105
BOS,21901267,149,BKN,115
LAC,21901258,115,PHX,117
MIL,21901256,116,BKN,119
MIA,21901260,112,BOS,106
NOP,21901253,109,MEM,99
MIA,21901250,103,TOR,107
OKC,21901251,113,DEN,121
LAC,21901241,126,NOP,103
DEN,21901239,105,MIA,125
TOR,21901243,107,LAL,92
MIL,21901236,119,BOS,112
LAL,21901232,103,LAC,101
MIA,11900128,110,MEM,128
PHX,11900129,117,TOR,106
MIL,11900127,103,NOP,124
LAC,11900124,102,SAC,106
BOS,11900119,117,PHX,103
OKC,11900118,102,PHI,97
SAC,11900113,123,MIL,131
NOP,11900117,119,DEN,104
BOS,11900110,84,OKC,98
PHI,11900109,90,MEM,83
BKN,11900103,68,NOP,99
MIA,11900104,104,SAC,98
ATL,21900969,131,NYK,136
CHI,21900962,108,CLE,103
GSW,21900967,107,LAC,131
LAL,21900968,102,BKN,104
DEN,21900958,109,MIL,95
BKN,21900946,110,CHI,107
SAC,21900956,113,TOR,118
BOS,21900949,104,OKC,105
LAC,21900948,103,LAL,112
MIN,21900947,107,NOP,120
PHX,21900950,140,MIL,131
CLE,21900942,104,DEN,102
GSW,21900944,118,PHI,114
MEM,21900943,118,ATL,101
NYK,21900932,103,OKC,126
LAL,21900939,113,MIL,103
NOP,21900936,110,MIA,104
GSW,21900929,113,TOR,121
SAC,21900928,108,PHI,125
MIN,21900922,115,CHI,108
BKN,21900920,79,MEM,118
CLE,21900917,106,BOS,112
BOS,21900910,120,BKN,129
PHX,21900914,114,TOR,123
NOP,21900911,134,MIN,139
LAL,21900915,120,PHI,107
OKC,21900912,94,LAC,109
DEN,21900913,100,GSW,116
ATL,21900905,88,MEM,127
MIA,21900906,105,MIL,89
NOP,21900900,114,LAL,122
DEN,21900898,133,TOR,118
LAC,21900897,136,PHI,130
MEM,21900891,105,LAL,88
NYK,21900887,125,CHI,115
PHX,21900894,99,GSW,115
MIA,21900889,116,BKN,113
MEM,21900881,101,SAC,104
ATL,21900878,141,BKN,118
LAC,21900886,132,DEN,103
NOP,21900883,116,CLE,104
MIL,21900882,133,OKC,86
GSW,21900876,86,LAL,116
PHI,21900873,115,NYK,106
OKC,21900875,112,SAC,108
MIA,21900868,126,MIN,129
PHX,21900871,92,LAC,102
CLE,21900865,108,PHI,94
CHI,21900859,122,OKC,124
TOR,21900858,97,MIL,108
LAL,21900861,118,NOP,109
GSW,21900863,94,SAC,112
LAC,21900856,124,MEM,97
PHI,21900850,129,ATL,112
CLE,21900849,125,MIA,119
DEN,21900844,128,MIN,116
GSW,21900847,101,NOP,115
LAL,21900842,114,BOS,112
MIL,21900840,119,PHI,98
MIA,21900838,124,CLE,105
LAC,21900835,103,SAC,112
CHI,21900839,104,PHX,112
TOR,21900829,118,PHX,101
LAL,21900833,117,MEM,105
OKC,21900831,113,DEN,101
MIN,21900830,117,BOS,127
SAC,21900824,129,MEM,125
PHI,21900822,112,BKN,104
ATL,21900821,129,MIA,124
NOP,21900819,118,OKC,123
BOS,21900818,141,LAC,133
DEN,21900817,116,LAL,120
CLE,21900807,127,ATL,105
BKN,21900809,101,TOR,91
PHX,21900815,112,GSW,106
PHI,21900802,110,LAC,103
LAL,21900801,125,PHX,100
MIL,21900797,123,SAC,111
TOR,21900796,137,MIN,126
GSW,21900800,101,MIA,113
CLE,21900791,92,LAC,133
OKC,21900786,111,BOS,112
PHI,21900788,118,CHI,111
ATL,21900787,140,NYK,135
MIN,21900782,142,LAC,115
PHX,21900784,108,DEN,117
TOR,21900781,119,BKN,118
GSW,21900783,120,LAL,125
BOS,21900771,112,ATL,107
PHI,21900769,119,MEM,107
SAC,21900775,105,MIA,97
MIL,21900766,112,PHI,101
CHI,21900765,119,NOP,125
BKN,21900757,129,GSW,88
OKC,21900760,109,CLE,103
MIN,21900759,120,ATL,127
LAC,21900763,128,MIA,111
NOP,21900751,108,MIL,120
ATL,21900745,115,BOS,123
CLE,21900742,134,NYK,139
SAC,21900749,113,MIN,109
MIA,21900747,137,PHI,106
BKN,21900746,119,PHX,97
MIL,21900739,129,PHX,108
TOR,21900740,129,CHI,102
CLE,21900730,112,GSW,131
SAC,21900736,113,LAL,129
LAC,21900727,118,MIN,106
BOS,21900732,116,PHI,95
MIL,21900724,115,DEN,127
PHX,21900725,107,OKC,111
NOP,21900723,139,MEM,111
BKN,21900721,133,CHI,118
CLE,21900714,109,TOR,115
LAC,21900719,103,SAC,124
BOS,21900717,119,GSW,104
ATL,21900716,127,PHI,117
SAC,21900713,100,OKC,120
NYK,21900710,106,MEM,127
TOR,21900703,130,ATL,114
CLE,21900700,111,NOP,125
MIA,21900701,101,BOS,109
MEM,21900704,104,DEN,96
PHI,21900702,115,GSW,104
MIN,21900696,129,SAC,133
NYK,21900688,110,BKN,97
MEM,21900690,114,PHX,109
NOP,21900691,123,BOS,108
PHI,21900684,108,LAL,91
MIN,21900683,104,OKC,113
CLE,21900682,106,CHI,118
NOP,21900676,106,DEN,113
MIA,21900673,117,LAC,122
NYK,21900672,112,TOR,118
CHI,21900674,81,SAC,98
OKC,21900677,140,ATL,111
BKN,21900667,113,LAL,128
TOR,21900660,107,PHI,95
BOS,21900657,119,MEM,95
NYK,21900659,92,LAL,100
CHI,21900661,117,MIN,110
ATL,21900656,102,LAC,95
BOS,21900648,139,LAL,107
MIA,21900644,118,SAC,113
BKN,21900641,111,PHI,117
ATL,21900640,117,TOR,122
MEM,21900646,116,NOP,126
MIN,21900649,100,DEN,107
MIL,21900647,111,CHI,98
CLE,21900643,86,NYK,106
NOP,21900626,130,LAC,133
BKN,21900627,97,MIL,117
MIN,21900632,112,TOR,122
CHI,21900631,118,CLE,116
NYK,21900630,87,PHI,90
BOS,21900628,119,PHX,123
OKC,21900623,108,MIA,115
PHI,21900620,100,CHI,89
MEM,21900622,113,CLE,109
GSW,21900617,131,DEN,134
NYK,21900614,98,PHX,121
MIL,21900615,128,BOS,123
OKC,21900609,121,TOR,130
PHI,21900605,117,BKN,106
LAC,21900603,128,CLE,103
ATL,21900598,123,PHX,110
MIL,21900601,128,NYK,102
LAL,21900597,128,CLE,99
MIN,21900594,104,OKC,117
BOS,21900593,113,CHI,101
NYK,21900584,124,MIA,121
MEM,21900588,122,GSW,102
DEN,21900589,114,LAC,104
BKN,21900586,108,ATL,86
DEN,21900582,103,CLE,111
BOS,21900578,140,NOP,105
OKC,21900580,110,LAL,125
BKN,21900568,117,MIA,113
NYK,21900569,111,NOP,123
LAC,21900576,109,GSW,100
SAC,21900575,106,MIL,127
PHI,21900564,109,BOS,98
GSW,21900562,98,MIL,107
NOP,21900560,123,CHI,108
LAL,21900553,117,NYK,87
PHX,21900552,103,SAC,114
MEM,21900551,119,MIN,112
BKN,21900550,103,OKC,111
SAC,21900547,111,GSW,98
ATL,21900543,115,DEN,123
PHI,21900541,120,OKC,113
LAC,21900534,135,NYK,132
PHX,21900537,114,MEM,121
CLE,21900536,103,MIN,118
SAC,21900533,115,NOP,117
BKN,21900524,102,TOR,121
CLE,21900527,106,OKC,121
LAC,21900523,114,MEM,140
CHI,21900529,104,BOS,111
LAL,21900522,123,NOP,113
BOS,21900517,109,ATL,106
PHX,21900521,120,NYK,112
MIN,21900512,99,GSW,84
SAC,21900515,128,MEM,123
MIA,21900510,84,TOR,76
LAL,21900507,117,PHX,107
MIL,21900506,106,MIN,104
TOR,21900500,117,CLE,97
SAC,21900499,87,LAC,105
CHI,21900493,102,MIL,123
MIN,21900494,122,BKN,115
DEN,21900489,120,SAC,115
TOR,21900486,97,OKC,98
DEN,21900472,119,MEM,110
MIN,21900479,88,CLE,94
BOS,21900473,97,TOR,113
MIA,21900475,117,PHI,116
CHI,21900477,116,ATL,81
SAC,21900483,110,PHX,112
ATL,21900469,86,MIL,112
BOS,21900466,129,CLE,117
GSW,21900471,105,PHX,96
OKC,21900462,97,MEM,110
BKN,21900461,82,NYK,94
SAC,21900464,104,MIN,105
LAL,21900458,106,LAC,111
DEN,21900459,100,NOP,112
PHI,21900456,121,MIL,109
TOR,21900455,102,BOS,118
CLE,21900444,121,ATL,118
PHX,21900451,111,DEN,113
GSW,21900454,113,MIN,104
LAL,21900443,104,DEN,128
OKC,21900442,118,LAC,112
BKN,21900431,122,ATL,112
NYK,21900434,102,MIL,123
MEM,21900435,119,SAC,115
OKC,21900426,126,PHX,108
GSW,21900429,106,NOP,102
MIA,21900424,129,NYK,114
DEN,21900427,109,MIN,100
CLE,21900420,114,MEM,107
MIL,21900417,111,LAL,104
PHI,21900410,104,MIA,108
MIN,21900411,99,NOP,107
OKC,21900412,126,MEM,122
NYK,21900403,143,ATL,120
LAC,21900406,120,PHX,99
NOP,21900404,101,BKN,108
OKC,21900399,109,CHI,106
TOR,21900395,133,CLE,113
MEM,21900397,118,MIA,111
BKN,21900391,109,PHI,89
DEN,21900392,111,NYK,105
GSW,21900393,79,SAC,100
ATL,21900390,96,LAL,101
CHI,21900382,109,LAC,106
MIL,21900385,125,CLE,108
DEN,21900387,110,OKC,102
TOR,21900381,110,BKN,102
SAC,21900378,101,NYK,103
MIN,21900377,117,LAC,124
PHI,21900372,116,NOP,109
MEM,21900376,114,MIL,127
MIA,21900374,110,LAL,113
BOS,21900367,109,PHI,115
MIL,21900364,127,NOP,112
PHX,21900363,108,MEM,115
GSW,21900366,122,NYK,124
TOR,21900359,92,LAC,112
SAC,21900365,94,OKC,93
CHI,21900361,136,ATL,102
MIA,21900354,135,ATL,121
PHI,21900353,97,DEN,92
GSW,21900351,102,MEM,110
PHX,21900349,125,MIN,109
BOS,21900344,110,CLE,88
CHI,21900345,92,TOR,93
PHI,21900338,110,TOR,104
BKN,21900335,105,DEN,102
MIA,21900337,110,CHI,105
LAL,21900342,142,MIN,125
PHI,21900332,141,CLE,94
CHI,21900325,98,GSW,100
MIL,21900327,119,LAC,91
OKC,21900326,139,MIN,127
BOS,21900323,108,DEN,95
NYK,21900317,92,DEN,129
NOP,21900319,132,PHX,139
ATL,21900309,118,BKN,130
CHI,21900311,106,MEM,99
BOS,21900310,112,MIA,93
TOR,21900301,110,MIA,121
DEN,21900304,96,LAL,105
MIL,21900297,132,NYK,88
ATL,21900295,104,GSW,79
SAC,21900298,106,CHI,113
BKN,21900284,106,MIA,109
MIN,21900286,107,MEM,115
NOP,21900289,104,OKC,107
NYK,21900285,104,BOS,113
SAC,21900280,100,DEN,97
CLE,21900270,110,MIL,119
MIA,21900273,122,GSW,105
OKC,21900275,109,NOP,104
NYK,21900271,95,PHI,101
BKN,21900267,112,BOS,107
TOR,21900258,126,NYK,98
NOP,21900264,110,LAL,114
MIL,21900261,111,ATL,102
BOS,21900253,121,BKN,110
GSW,21900266,104,CHI,90
PHI,21900257,97,SAC,91
MEM,21900260,119,LAC,121
ATL,21900243,113,MIN,125
BOS,21900244,103,SAC,102
TOR,21900246,101,PHI,96
CLE,21900240,106,BKN,108
GSW,21900250,97,OKC,100
DEN,21900238,116,PHX,104
LAC,21900239,134,NOP,109
NYK,21900236,101,BKN,103
MEM,21900232,108,LAL,109
MIN,21900225,98,PHX,100
ATL,21900228,116,TOR,119
PHI,21900230,113,MIA,86
OKC,21900220,127,LAL,130
DEN,21900222,96,BOS,92
CHI,21900219,108,MIA,116
BKN,21900217,116,SAC,97
PHX,21900214,121,NOP,124
PHI,21900202,109,NYK,104
MIA,21900206,124,CLE,100
ATL,21900204,127,MIL,135
LAC,21900212,107,BOS,104
LAL,21900201,112,OKC,107
SAC,21900200,120,PHX,116
MEM,21900198,95,GSW,114
CHI,21900192,101,MIL,115
NYK,21900189,123,CLE,105
LAC,21900197,90,OKC,88
PHX,21900195,85,BOS,99
LAL,21900188,122,ATL,101
NOP,21900187,108,GSW,100
MEM,21900186,114,DEN,131
SAC,21900184,100,BOS,99
CLE,21900183,95,PHI,114
CHI,21900175,111,BKN,117
LAC,21900182,150,ATL,101
MIA,21900178,109,NOP,94
GSW,21900173,100,BOS,105
OKC,21900172,127,PHI,119
LAL,21900174,99,SAC,97
PHX,21900165,128,ATL,112
DEN,21900166,101,BKN,93
MIL,21900163,124,CHI,115
NOP,21900164,132,LAC,127
CLE,21900161,97,MIA,108
LAL,21900159,120,GSW,94
CHI,21900149,120,NYK,102
PHX,21900151,115,LAL,123
DEN,21900150,121,ATL,125
PHI,21900147,98,CLE,97
LAC,21900145,98,TOR,88
MIN,21900132,98,DEN,100
PHX,21900137,138,BKN,112
NYK,21900136,87,CLE,108
LAL,21900139,104,TOR,113
OKC,21900135,119,MIL,121
OKC,21900131,114,GSW,108
MIN,21900120,125,GSW,119
LAL,21900126,95,MIA,80
ATL,21900119,109,SAC,121
NOP,21900121,104,TOR,122
DEN,21900123,100,PHI,97
PHX,21900114,108,MIA,124
MEM,21900108,137,MIN,121
ATL,21900105,93,CHI,113
TOR,21900106,124,SAC,120
LAC,21900111,124,MIL,129
CLE,21900098,113,BOS,119
CHI,21900100,112,LAL,118
DEN,21900102,109,MIA,89
PHX,21900095,114,PHI,109
MIN,21900094,106,MIL,134
BKN,21900092,135,NOP,125
NYK,21900087,92,SAC,113
MEM,21900081,105,PHX,114
OKC,21900077,115,NOP,104
MIL,21900082,115,TOR,105
BOS,21900072,104,NYK,102
NOP,21900067,122,DEN,107
ATL,21900066,97,MIA,106
BOS,21900058,116,MIL,105
GSW,21900065,110,PHX,121
PHI,21900057,117,MIN,95
CLE,21900055,117,CHI,111
LAL,21900054,120,MEM,91
MIA,21900052,112,ATL,97
NYK,21900042,105,CHI,98
ATL,21900043,103,PHI,105
SAC,21900050,94,DEN,101
NOP,21900047,123,GSW,134
MIL,21900046,129,CLE,112
OKC,21900036,120,GSW,92
MEM,21900037,134,BKN,133
MIN,21900039,116,MIA,109
CHI,21900031,84,TOR,108
NYK,21900029,95,BOS,118
MIL,21900026,126,MIA,131
PHX,21900035,130,LAC,122
DEN,21900023,108,PHX,107
BOS,21900017,112,TOR,106
MEM,21900020,102,CHI,110
BKN,21900019,113,NYK,109
GSW,21900016,122,LAC,141
BKN,21900006,126,MIN,127
PHI,21900008,107,BOS,93
MIA,21900007,120,MEM,101
PHX,21900012,124,SAC,95
TOR,21900001,130,NOP,122
LAC,21900002,112,LAL,102
GSW,11900079,124,LAL,103
BKN,11900075,107,TOR,123
NYK,11900077,116,NOP,117
CHI,11900070,111,ATL,93
MIL,11900071,118,MIN,96
OKC,11900065,119,MEM,124
NYK,11900063,96,ATL,100
LAL,11900068,126,GSW,93
CLE,11900059,95,BOS,118
MIA,11900053,120,ATL,87
PHX,11900056,102,DEN,107
LAL,11900058,104,GSW,98
BOS,11900046,118,CLE,72
TOR,11900050,91,CHI,105
BKN,11900044,91,LAL,77
LAC,11900036,91,DEN,111
SAC,11900034,105,PHX,88
GSW,11900035,143,MIN,123
LAL,11900031,111,BKN,114
CHI,11900028,125,NOP,127
PHX,11900022,111,MIN,106
ATL,11900015,109,NOP,133
CHI,11900016,112,MIL,122
GSW,11900006,101,LAL,123
MIN,1521900083,92,MEM,95
MIN,1521900082,85,BKN,77
NOP,1521900081,86,MEM,88
BOS,1521900074,88,MEM,94
NOP,1521900076,101,MIA,100
SAC,1521900069,96,CLE,98
GSW,1521900066,87,LAL,88
TOR,1521900065,102,PHI,108
MEM,1521900064,87,BOS,113
LAC,1521900063,83,SAC,80
NOP,1521900054,99,CLE,78
NYK,1521900056,117,LAL,96
DEN,1521900058,69,GSW,73
MIA,1521900053,87,MIN,90
TOR,1521900046,85,NYK,73
BOS,1521900045,95,DEN,82
MEM,1521900044,79,PHX,69
BOS,1521900035,87,CLE,72
BOS,1521900035,2,CLE,72
MIN,1521900036,100,MIL,91
CHI,1521900037,72,NOP,109
PHI,1521900030,81,OKC,84
LAL,1521900039,80,GSW,88
ATL,1521900023,60,MIN,90
ATL,1521900023,6,MIN,90
CLE,1521900025,82,CHI,75
PHX,1521900027,105,NYK,100
GSW,1521900020,80,TOR,71
LAC,1521900029,75,MEM,87
LAL,1521900016,87,LAC,93
MIL,1521900013,89,ATL,83
PHI,1521900014,82,BOS,96
NOP,1521900008,68,NYK,74
NOP,1521900008,12,NYK,74
CHI,1521900006,96,LAL,76
MIL,1521900002,106,PHI,107
CLE,1521900003,75,MIN,85
MEM,1621900005,81,CLE,68
SAC,1321900006,97,LAL,99
GSW,1321900005,65,MIA,73
SAC,1321900004,88,MIA,89
GSW,1321900003,90,LAL,100
SAC,1321900002,81,GSW,77
LAL,1321900001,79,MIA,106
GSW,41800406,110,TOR,114
TOR,41800405,105,GSW,106
GSW,41800404,92,TOR,105
GSW,41800403,109,TOR,123
TOR,41800402,104,GSW,109
TOR,41800401,118,GSW,109
TOR,41800306,100,MIL,94
MIL,41800305,99,TOR,105
TOR,41800304,120,MIL,102
TOR,41800303,118,MIL,112
MIL,41800302,125,TOR,103
MIL,41800301,108,TOR,100
TOR,41800217,92,PHI,90
PHI,41800216,112,TOR,101
MIL,41800205,116,BOS,91
TOR,41800215,125,PHI,89
BOS,41800204,101,MIL,113
PHI,41800214,96,TOR,101
BOS,41800203,116,MIL,123
PHI,41800213,116,TOR,95
MIL,41800202,123,BOS,102
TOR,41800212,89,PHI,94
MIL,41800201,90,BOS,112
TOR,41800211,108,PHI,95
LAC,41800146,110,GSW,129
GSW,41800145,121,LAC,129
PHI,41800125,122,BKN,100
LAC,41800144,105,GSW,113
BKN,41800124,108,PHI,112
LAC,41800143,105,GSW,132
BKN,41800123,115,PHI,131
GSW,41800142,131,LAC,135
PHI,41800122,145,BKN,123
PHI,41800121,102,BKN,111
GSW,41800141,121,LAC,104
MIL,21801226,116,OKC,127
PHI,21801224,125,CHI,109
DEN,21801228,99,MIN,95
BKN,21801221,113,MIA,94
MEM,21801225,132,GSW,117
CHI,21801213,86,NYK,96
NOP,21801215,103,GSW,112
MIA,21801212,122,PHI,99
MIN,21801214,100,TOR,120
MIL,21801202,115,ATL,107
SAC,21801207,129,NOP,133
MIN,21801197,126,OKC,132
GSW,21801205,131,LAC,104
TOR,21801195,117,MIA,109
CHI,21801194,96,PHI,116
MIL,21801193,128,BKN,133
MIN,21801185,111,MIA,109
PHX,21801189,133,NOP,126
LAC,21801192,117,LAL,122
GSW,21801191,120,CLE,114
SAC,21801178,117,CLE,104
LAL,21801179,90,GSW,108
PHI,21801177,122,MIL,128
BKN,21801169,105,TOR,115
ATL,21801168,130,PHI,122
MIA,21801170,102,BOS,112
GSW,21801164,116,DEN,102
OKC,21801161,119,LAL,103
BKN,21801154,121,MIL,131
BOS,21801153,110,MIA,105
NYK,21801155,113,CHI,105
PHX,21801160,122,CLE,113
NOP,21801147,102,LAL,130
ATL,21801145,136,MIL,135
LAC,21801151,113,MEM,96
CHI,21801142,101,TOR,124
BKN,21801137,110,BOS,96
NYK,21801141,92,MIA,100
LAC,21801136,132,CLE,108
PHX,21801144,115,MEM,120
MIN,21801143,109,PHI,118
MIN,21801132,131,GSW,130
OKC,21801133,105,DEN,115
PHI,21801123,123,BKN,110
NYK,21801125,92,TOR,117
NOP,21801128,121,SAC,118
MIL,21801127,128,LAC,118
MEM,21801118,103,GSW,118
NOP,21801113,120,ATL,130
TOR,21801110,112,CHI,103
CLE,21801108,106,BOS,116
MIN,21801112,111,LAC,122
MEM,21801104,115,OKC,103
NYK,21801095,113,LAC,124
MIL,21801096,127,CLE,105
LAL,21801102,111,SAC,106
SAC,21801094,112,PHX,103
ATL,21801088,129,PHI,127
MEM,21801091,99,MIN,112
MIL,21801085,116,MIA,87
CLE,21801081,108,LAC,110
TOR,21801083,109,OKC,116
LAL,21801086,106,BKN,111
NYK,21801082,93,DEN,111
OKC,21801072,114,TOR,123
CLE,21801065,107,MIL,102
PHI,21801067,118,BOS,115
SAC,21801063,121,BKN,123
MIN,21801062,107,GSW,117
MIL,21801061,115,LAL,101
BOS,21801052,105,DEN,114
TOR,21801053,128,NYK,92
OKC,21801054,107,MIA,116
PHX,21801057,101,CHI,116
MIL,21801043,125,PHI,130
LAC,21801049,119,BKN,116
SAC,21801047,129,CHI,102
NYK,21801042,124,LAL,123
NOP,21801036,136,PHX,138
OKC,21801038,88,GSW,110
BOS,21801034,129,ATL,120
LAC,21801033,128,CHI,121
MIA,21801029,98,MIL,113
PHI,21801027,123,SAC,114
BOS,21801022,126,SAC,120
TOR,21801023,111,LAL,98
OKC,21801017,108,BKN,96
ATL,21801016,132,MEM,111
CHI,21801009,107,LAL,123
PHI,21801008,106,CLE,99
NOP,21801010,113,MIL,130
DEN,21801012,133,MIN,107
CLE,21801001,126,TOR,101
LAC,21801006,140,BOS,115
MIN,21800998,103,NYK,92
ATL,21800995,128,NOP,116
MIA,21800993,104,TOR,125
GSW,21801000,111,PHX,115
ATL,21800987,112,BKN,114
NYK,21800986,94,SAC,102
LAL,21800989,107,BOS,120
GSW,21800984,122,DEN,105
LAC,21800985,118,OKC,110
NOP,21800983,104,TOR,127
MIA,21800979,126,CLE,110
BKN,21800969,113,CLE,107
PHX,21800972,107,NYK,96
SAC,21800973,109,BOS,111
CHI,21800970,108,PHI,107
LAL,21800974,99,DEN,115
GSW,21800964,95,BOS,128
MIN,21800963,131,OKC,120
SAC,21800957,115,NYK,108
LAL,21800958,105,LAC,113
MIA,21800953,114,ATL,113
PHX,21800955,114,MIL,105
LAC,21800947,128,NYK,107
CHI,21800946,118,ATL,123
OKC,21800951,99,MEM,95
MIA,21800937,117,BKN,88
PHI,21800938,117,GSW,120
PHX,21800942,118,LAL,109
DEN,21800941,112,NOP,120
LAL,21800934,120,MIL,131
SAC,21800933,109,LAC,116
PHX,21800932,116,NOP,130
ATL,21800928,161,CHI,168
OKC,21800927,104,PHI,108
NYK,21800924,118,CLE,125
LAL,21800921,125,NOP,119
MIA,21800915,126,GSW,125
MEM,21800916,107,CHI,109
ATL,21800912,131,MIN,123
SAC,21800920,140,MIL,141
DEN,21800910,121,OKC,112
TOR,21800909,118,BOS,95
NOP,21800906,110,PHI,111
MIN,21800905,112,SAC,105
MEM,21800904,110,LAL,105
CHI,21800902,106,MIL,117
MIA,21800901,121,PHX,124
DEN,21800895,123,LAC,96
CLE,21800885,112,MEM,107
MIL,21800891,140,MIN,128
NOP,21800887,128,LAL,115
ATL,21800883,120,PHX,112
OKC,21800890,116,SAC,119
CHI,21800889,126,BOS,116
NYK,21800878,104,MIN,115
MEM,21800879,106,LAC,112
MIL,21800870,98,BOS,97
GSW,21800871,125,SAC,123
PHI,21800868,106,MIA,102
CLE,21800867,111,PHX,98
ATL,21800865,91,NYK,106
NOP,21800866,131,OKC,122
DEN,21800860,120,SAC,118
CHI,21800858,122,MEM,110
LAC,21800863,134,PHX,107
NYK,21800856,111,PHI,126
CLE,21800853,139,BKN,148
PHI,21800849,109,BOS,112
ATL,21800848,117,LAL,113
TOR,21800842,127,BKN,125
DEN,21800847,103,MIA,87
MIN,21800845,130,LAC,120
CLE,21800839,107,NYK,104
CHI,21800843,99,MIL,112
GSW,21800838,120,MIA,118
SAC,21800836,117,PHX,104
PHI,21800835,143,LAL,120
MEM,21800831,99,NOP,90
NYK,21800828,99,TOR,104
BOS,21800829,112,LAC,123
BKN,21800820,106,CHI,125
SAC,21800824,102,MIA,96
NOP,21800823,122,MIN,117
PHI,21800818,117,DEN,110
PHX,21800822,107,GSW,117
BOS,21800814,128,LAL,129
OKC,21800815,117,MEM,95
ATL,21800813,101,TOR,119
BKN,21800804,135,DEN,130
CHI,21800805,120,NOP,125
CLE,21800797,96,BOS,103
MEM,21800801,108,MIN,106
PHI,21800800,107,TOR,119
BKN,21800792,94,MIL,113
NYK,21800787,84,MEM,96
BOS,21800788,134,OKC,129
TOR,21800789,121,LAC,103
MIN,21800783,106,DEN,107
GSW,21800782,115,LAL,101
SAC,21800785,115,PHI,108
PHX,21800784,112,ATL,118
NYK,21800771,99,BOS,113
MIA,21800772,102,OKC,118
GSW,21800768,104,PHI,113
LAC,21800769,120,LAL,123
TOR,21800766,92,MIL,105
NOP,21800761,99,DEN,105
MIN,21800760,99,MEM,97
SAC,21800762,135,ATL,113
MIA,21800757,89,CHI,105
LAL,21800755,105,PHI,121
BKN,21800752,122,CHI,117
LAC,21800748,118,ATL,123
MEM,21800747,92,DEN,95
BOS,21800746,112,BKN,104
LAL,21800743,116,PHX,102
CHI,21800735,101,CLE,104
NYK,21800741,97,MIA,106
OKC,21800738,118,MIL,112
LAC,21800736,122,SAC,108
DEN,21800733,126,PHI,110
BOS,21800732,111,GSW,115
MEM,21800725,96,SAC,99
BKN,21800721,109,NYK,99
CLE,21800722,94,MIA,100
CHI,21800723,101,LAC,106
DEN,21800728,132,PHX,95
OKC,21800717,122,NOP,116
LAL,21800719,105,MIN,120
MIA,21800709,99,LAC,111
BOS,21800707,123,CLE,103
CHI,21800712,101,ATL,121
TOR,21800702,120,SAC,105
PHX,21800705,91,MIN,118
MEM,21800697,85,NOP,105
BKN,21800696,123,SAC,94
CLE,21800692,88,CHI,104
NYK,21800691,109,OKC,127
BOS,21800698,107,MIA,99
LAL,21800701,111,GSW,130
MIN,21800689,116,PHX,114
CHI,21800685,103,MIA,117
DEN,21800687,124,CLE,102
TOR,21800684,119,MEM,90
PHI,21800678,115,OKC,117
ATL,21800683,105,BOS,113
BOS,21800671,122,MEM,116
LAC,21800676,94,GSW,112
OKC,21800670,128,LAL,138
DEN,21800669,135,CHI,105
TOR,21800668,111,PHX,109
GSW,21800663,147,NOP,140
BOS,21800658,117,TOR,108
MEM,21800660,101,MIL,111
LAL,21800656,107,CHI,100
PHI,21800652,149,MIN,107
DEN,21800655,111,GSW,142
ATL,21800653,142,OKC,126
MIL,21800654,124,MIA,86
BKN,21800645,109,BOS,102
LAC,21800650,117,NOP,121
NYK,21800638,105,PHI,108
LAL,21800644,95,CLE,101
ATL,21800640,114,MIL,133
MIN,21800633,110,NOP,106
PHX,21800635,102,DEN,93
MIA,21800631,112,MEM,108
TOR,21800624,122,BKN,105
PHI,21800621,121,ATL,123
GSW,21800629,146,CHI,109
DEN,21800618,121,LAC,100
MIA,21800617,115,BOS,99
NOP,21800612,140,CLE,124
BKN,21800609,116,ATL,100
PHX,21800604,115,SAC,111
GSW,21800605,122,NYK,95
TOR,21800602,104,ATL,101
OKC,21800603,117,MIN,119
MIA,21800601,99,DEN,103
BOS,21800592,116,BKN,95
NOP,21800595,114,MEM,95
ATL,21800587,106,MIA,82
MIN,21800585,108,LAL,86
CHI,21800584,100,BKN,117
SAC,21800583,123,GSW,127
MIL,21800580,116,TOR,123
CLE,21800579,98,NOP,133
MIL,21800572,144,ATL,112
MEM,21800570,100,BKN,109
LAL,21800574,112,NYK,119
PHX,21800573,111,LAC,121
SAC,21800564,113,DEN,117
CLE,21800555,92,MIA,117
LAL,21800562,100,OKC,107
BKN,21800557,126,NOP,121
PHX,21800561,127,PHI,132
BOS,21800558,115,MIN,102
LAC,21800553,113,PHI,119
DEN,21800551,115,NYK,108
PHX,21800548,109,GSW,132
NOP,21800546,123,MIN,114
LAL,21800541,121,SAC,114
MIA,21800537,104,MIN,113
TOR,21800538,95,CHI,89
PHX,21800533,118,DEN,122
MEM,21800531,103,BOS,112
MIL,21800527,129,BKN,115
ATL,21800529,111,CLE,108
MIN,21800522,120,ATL,123
LAL,21800526,107,LAC,118
MIA,21800521,118,CLE,94
PHX,21800525,102,OKC,118
SAC,21800514,117,LAL,116
MIL,21800513,112,NYK,96
MEM,21800508,95,CLE,87
LAC,21800511,127,SAC,118
CHI,21800507,94,MIN,119
MIA,21800506,104,TOR,106
BOS,21800499,121,PHI,114
NYK,21800497,95,MIL,109
GSW,21800500,101,LAL,127
BKN,21800489,111,PHX,103
SAC,21800492,122,NOP,117
GSW,21800494,129,LAC,127
OKC,21800493,112,MIN,114
LAL,21800496,99,MEM,107
CLE,21800490,92,CHI,112
PHI,21800481,126,TOR,101
MIA,21800482,94,MIL,87
LAC,21800479,132,DEN,111
BOS,21800473,107,MIL,120
LAL,21800478,112,NOP,104
TOR,21800470,126,CLE,110
SAC,21800477,102,MEM,99
NYK,21800472,107,ATL,114
MIL,21800462,123,NOP,115
BOS,21800458,103,PHX,111
CHI,21800460,93,BKN,96
PHI,21800457,131,NYK,109
SAC,21800466,113,OKC,132
BKN,21800453,115,LAL,110
GSW,21800449,110,MEM,93
MIN,21800446,132,SAC,105
NYK,21800444,110,PHX,128
OKC,21800447,121,CHI,96
NOP,21800441,96,MIA,102
DEN,21800442,95,TOR,86
CLE,21800437,105,PHI,128
BKN,21800436,144,ATL,127
OKC,21800434,110,LAC,104
PHX,21800435,107,MIN,99
MEM,21800425,97,MIA,100
BOS,21800420,129,ATL,108
CLE,21800423,102,MIL,114
DEN,21800426,109,OKC,98
SAC,21800428,125,GSW,130
CLE,21800406,113,NYK,106
PHI,21800408,124,BKN,127
NOP,21800411,118,OKC,114
SAC,21800414,141,MIN,130
GSW,21800415,93,TOR,113
LAC,21800404,99,TOR,123
BOS,21800393,113,NOP,100
PHX,21800399,119,LAC,123
DEN,21800398,105,MEM,99
CHI,21800394,89,SAC,108
LAL,21800401,108,MIA,105
GSW,21800400,116,MIN,108
MIL,21800395,108,CLE,92
TOR,21800388,99,MIL,104
LAC,21800386,98,MIA,121
MEM,21800384,88,LAL,111
ATL,21800380,106,DEN,98
NYK,21800382,104,BKN,112
CHI,21800383,77,BOS,133
CLE,21800372,110,SAC,129
NOP,21800374,103,MEM,107
PHX,21800376,98,MIA,115
CHI,21800373,114,OKC,112
BKN,21800371,106,TOR,105
MIL,21800377,95,GSW,105
BOS,21800365,128,NYK,100
MEM,21800360,96,LAC,86
TOR,21800359,113,PHI,102
BKN,21800358,112,OKC,114
CLE,21800355,105,GSW,129
PHX,21800353,105,SAC,122
BKN,21800345,97,CLE,99
NOP,21800349,126,LAC,129
ATL,21800344,111,GSW,128
TOR,21800347,103,DEN,106
LAL,21800337,120,PHX,96
PHI,21800340,103,MEM,95
NYK,21800330,136,MIL,134
MIN,21800335,109,BOS,118
CLE,21800332,95,TOR,106
MIA,21800324,106,NOP,101
BKN,21800323,125,MEM,131
OKC,21800325,124,ATL,109
BOS,21800319,128,CLE,95
SAC,21800318,121,LAC,133
TOR,21800316,131,GSW,128
LAC,21800315,115,PHX,99
PHI,21800307,117,NYK,91
MIL,21800310,116,CHI,113
OKC,21800313,100,CLE,83
MIA,21800302,113,ATL,115
DEN,21800304,117,LAL,85
MEM,21800303,114,TOR,122
CLE,21800295,95,MIN,102
NOP,21800298,107,BOS,124
MEM,21800291,98,NYK,103
BKN,21800289,125,PHI,127
TOR,21800290,125,MIA,115
MIN,21800281,111,CHI,96
OKC,21800282,98,DEN,105
GSW,21800285,117,SAC,116
MIL,21800275,114,PHX,116
LAC,21800266,112,MEM,107
ATL,21800268,96,BOS,114
CHI,21800273,96,MIA,103
NYK,21800269,114,NOP,109
PHI,21800270,112,CLE,121
BKN,21800265,102,MIN,112
PHI,21800253,121,NOP,120
MIN,21800260,101,DEN,103
BOS,21800255,109,NYK,117
CHI,21800257,124,PHX,116
ATL,21800254,108,TOR,124
GSW,21800264,95,OKC,123
CLE,21800256,105,LAL,109
MIA,21800250,92,BKN,104
MIL,21800245,104,DEN,98
SAC,21800247,117,OKC,113
ATL,21800243,119,LAC,127
PHI,21800242,119,PHX,114
MIA,21800235,97,LAL,113
MIN,21800234,87,MEM,100
PHX,21800233,100,OKC,110
CHI,21800230,83,TOR,122
BKN,21800224,119,LAC,127
NOP,21800228,125,DEN,115
MIL,21800223,123,CHI,104
MEM,21800220,112,SAC,104
BOS,21800216,123,TOR,116
NOP,21800222,129,NYK,124
DEN,21800214,138,ATL,93
OKC,21800209,128,NYK,103
BKN,21800205,107,MIA,120
BOS,21800204,111,CHI,82
MIN,21800208,107,NOP,100
MIL,21800207,113,MEM,116
GSW,21800201,110,ATL,103
LAC,21800198,121,GSW,116
TOR,21800192,110,NOP,126
OKC,21800196,118,PHX,101
MIA,21800191,114,PHI,124
MIN,21800195,120,BKN,113
LAL,21800189,107,ATL,106
DEN,21800187,114,MIL,121
GSW,21800182,116,BKN,100
SAC,21800183,86,LAL,101
MEM,21800179,112,PHI,106
CHI,21800178,99,CLE,98
NOP,21800176,119,PHX,99
TOR,21800174,128,NYK,112
LAC,21800175,128,MIL,126
SAC,21800173,121,MIN,110
DEN,21800171,110,BKN,112
GSW,21800166,111,MIL,134
PHX,21800164,109,BOS,116
ATL,21800155,107,NYK,112
CLE,21800153,86,OKC,95
NOP,21800159,107,CHI,98
LAL,21800162,114,MIN,110
MEM,21800158,89,DEN,87
SAC,21800161,105,TOR,114
PHX,21800151,82,BKN,104
OKC,21800144,122,NOP,116
DEN,21800145,115,BOS,107
LAC,21800148,120,MIN,109
NYK,21800143,115,CHI,116
GSW,21800147,117,MEM,101
MIL,21800133,144,SAC,109
PHX,21800136,102,MEM,100
BKN,21800134,122,PHI,97
LAL,21800139,107,TOR,121
ATL,21800128,123,MIA,118
PHX,21800123,98,TOR,107
GSW,21800124,116,MIN,99
BOS,21800115,117,MIL,113
CLE,21800112,91,DEN,110
ATL,21800114,115,SAC,146
PHI,21800113,122,LAC,113
GSW,21800108,131,NOP,121
CHI,21800106,107,DEN,108
CLE,21800097,136,ATL,114
TOR,21800100,129,PHI,112
OKC,21800103,128,LAC,110
CHI,21800091,124,GSW,149
MIL,21800092,124,TOR,109
MIA,21800089,113,SAC,123
NYK,21800090,115,BKN,96
DEN,21800095,116,NOP,111
MIN,21800093,124,LAL,120
PHI,21800088,113,ATL,92
OKC,21800085,117,PHX,110
BKN,21800083,114,GSW,120
ATL,21800076,85,CHI,97
MEM,21800080,117,PHX,96
NYK,21800068,100,GSW,128
MIN,21800071,95,MIL,125
NOP,21800072,117,BKN,115
OKC,21800065,95,BOS,101
LAL,21800066,121,DEN,114
PHX,21800060,113,LAL,131
TOR,21800055,112,MIN,105
CLE,21800053,86,BKN,102
MIA,21800054,110,NYK,87
SAC,21800061,97,MEM,92
MIL,21800059,123,PHI,108
NOP,21800050,116,LAC,109
DEN,21800051,126,SAC,112
GSW,21800047,123,PHX,103
MIL,21800042,124,NYK,113
OKC,21800037,120,SAC,131
DEN,21800038,100,GSW,98
CLE,21800036,111,ATL,133
NYK,21800028,101,BOS,103
DEN,21800033,119,PHX,91
MEM,21800020,131,ATL,117
NOP,21800022,149,SAC,129
LAC,21800025,108,OKC,92
BKN,21800018,107,NYK,105
MIN,21800021,131,CLE,123
TOR,21800019,113,BOS,101
PHI,21800014,127,CHI,108
NYK,21800007,126,ATL,107
TOR,21800008,116,CLE,104
LAC,21800012,98,DEN,107
GSW,21800002,108,OKC,100
BOS,21800001,105,PHI,87
NYK,11800072,107,BKN,113
GSW,11800079,105,LAL,119
MIA,11800073,119,ATL,113
CHI,11800074,93,DEN,98
MIL,11800077,143,MIN,121
NOP,11800066,119,TOR,134
MIA,11800062,140,NOP,128
LAL,11800065,123,GSW,113
TOR,11800060,118,BKN,91
OKC,11800056,119,MIL,115
LAC,11800057,109,DEN,103
GSW,11800054,109,PHX,117
MIN,11800045,107,MIL,125
OKC,11800043,113,ATL,94
CLE,11800040,113,BOS,102
LAL,11800042,87,LAC,103
MIN,11800034,101,OKC,113
MEM,11800033,120,ATL,110
GSW,11800039,122,SAC,94
NYK,11800032,106,NOP,100
LAL,11800027,128,SAC,123
BKN,11800021,102,NYK,107
LAC,11800025,128,MIN,101
MIL,11800022,116,CHI,82
BOS,11800017,95,CLE,102
LAL,11800020,111,DEN,113
ATL,11800014,116,NOP,102
PHX,11800015,102,SAC,106
LAL,11800010,107,DEN,124
CHI,11800009,128,NOP,116
GSW,11800005,110,MIN,114
LAL,1521800080,112,CLE,109
CLE,1521800077,82,TOR,68
MEM,1521800079,82,PHI,73
MIL,1521800074,89,PHI,91
BOS,1521800073,74,MIA,72
LAC,1521800069,81,ATL,97
NOP,1521800063,83,NYK,102
GSW,1521800068,67,SAC,69
DEN,1521800066,71,MIN,83
BOS,1521800055,82,NYK,75
NOP,1521800054,106,MIA,110
PHX,1521800057,86,PHI,88
LAL,1521800059,82,LAC,69
OKC,1521800056,85,MEM,92
CLE,1521800047,96,SAC,84
DEN,1521800052,77,TOR,85
CHI,1521800043,93,ATL,101
MEM,1521800044,80,SAC,94
NYK,1521800045,92,LAL,109
MIN,1521800039,78,BKN,69
OKC,1521800032,92,TOR,82
DEN,1521800037,90,MIL,83
LAC,1521800029,88,SAC,78
CHI,1521800030,60,LAL,69
TOR,1521800021,92,MIN,103
LAL,1521800020,96,PHI,79
CLE,1521800018,81,CHI,86
DEN,1521800019,82,BOS,69
SAC,1521800016,63,PHX,71
BKN,1521800015,76,OKC,90
NOP,1521800013,110,MIA,84
ATL,1521800014,89,NYK,91
GSW,1521800010,77,LAC,71
PHI,1521800006,89,BOS,95
NOP,1521800002,90,TOR,77
MIN,1521800009,69,DEN,70
GSW,1321800005,77,LAL,71
SAC,1321800006,76,MIA,86
LAL,1321800003,74,MIA,89
SAC,1321800004,54,GSW,71
MEM,1621800001,103,ATL,88
SAC,1321800002,98,LAL,93
GSW,1321800001,79,MIA,68
CLE,41700404,85,GSW,108
CLE,41700403,102,GSW,110
GSW,41700402,122,CLE,103
GSW,41700401,124,CLE,114
BOS,41700307,79,CLE,87
CLE,41700306,109,BOS,99
BOS,41700305,96,CLE,83
CLE,41700304,111,BOS,102
CLE,41700303,116,BOS,86
BOS,41700302,107,CLE,94
BOS,41700301,108,CLE,83
BOS,41700215,114,PHI,112
GSW,41700235,113,NOP,104
CLE,41700204,128,TOR,93
PHI,41700214,103,BOS,92
NOP,41700234,92,GSW,118
CLE,41700203,105,TOR,103
PHI,41700213,98,BOS,101
NOP,41700233,119,GSW,100
BOS,41700212,108,PHI,103
TOR,41700202,110,CLE,128
GSW,41700232,121,NOP,116
TOR,41700201,112,CLE,113
BOS,41700211,117,PHI,101
GSW,41700231,123,NOP,101
BOS,41700117,112,MIL,96
MIL,41700116,97,BOS,86
PHI,41700125,104,MIA,91
BOS,41700115,92,MIL,87
MIL,41700114,104,BOS,102
MIA,41700124,102,PHI,106
MIL,41700113,116,BOS,92
MIA,41700123,108,PHI,128
BOS,41700112,120,MIL,106
PHI,41700122,103,MIA,113
BOS,41700111,113,MIL,107
PHI,41700121,130,MIA,103
CLE,21701220,98,NYK,110
PHI,21701223,130,MIL,95
MIN,21701225,112,DEN,106
BOS,21701219,110,BKN,97
LAC,21701228,100,LAL,115
OKC,21701227,137,MEM,123
MIA,21701221,116,TOR,109
ATL,21701214,113,PHI,121
BKN,21701205,114,CHI,105
LAC,21701212,100,NOP,113
MIN,21701209,113,MEM,94
NYK,21701207,109,CLE,123
MIA,21701206,93,OKC,115
PHX,21701203,100,GSW,117
BOS,21701202,106,ATL,112
LAC,21701191,115,DEN,134
NYK,21701192,102,MIL,115
GSW,21701195,120,NOP,126
CHI,21701193,96,BKN,124
LAL,21701190,96,MIN,113
MEM,21701188,93,SAC,94
NYK,21701186,122,MIA,98
PHI,21701183,132,CLE,130
PHX,21701189,103,NOP,122
BOS,21701185,111,CHI,104
DEN,21701180,100,MIN,96
MIL,21701178,111,BKN,119
ATL,21701172,86,MIA,115
TOR,21701171,96,BOS,78
NOP,21701173,123,MEM,95
CLE,21701156,112,TOR,106
PHI,21701157,121,BKN,95
OKC,21701163,107,GSW,111
PHX,21701167,97,SAC,94
MIA,21701158,101,ATL,98
MIL,21701162,106,BOS,102
GSW,21701153,117,PHX,107
LAL,21701155,83,SAC,84
DEN,21701152,128,MIL,125
NOP,21701150,104,OKC,109
BOS,21701140,110,TOR,99
MIA,21701141,109,BKN,110
SAC,21701142,96,GSW,112
CLE,21701131,107,NOP,102
OKC,21701133,125,DEN,126
ATL,21701130,91,PHI,101
LAL,21701136,122,MIL,124
GSW,21701128,107,MIL,116
MIA,21701125,103,CHI,92
MIN,21701120,126,ATL,114
PHX,21701122,99,LAC,111
PHI,21701118,118,NYK,101
MIA,21701110,98,CLE,79
TOR,21701109,114,DEN,110
LAC,21701115,105,MIL,98
PHI,21701105,123,DEN,104
PHX,21701107,94,BOS,102
MIN,21701106,93,MEM,101
TOR,21701097,106,LAC,117
BKN,21701094,114,CLE,121
SAC,21701099,93,BOS,104
MEM,21701092,93,LAL,100
PHI,21701088,120,MIN,108
CLE,21701080,120,PHX,95
NYK,21701081,104,MIN,108
TOR,21701082,116,BKN,112
GSW,21701087,106,ATL,94
CHI,21701083,105,MIL,118
OKC,21701084,105,MIA,99
NOP,21701075,128,LAL,125
SAC,21701077,105,ATL,90
CHI,21701069,102,DEN,135
MIL,21701070,120,LAC,127
CLE,21701065,132,TOR,129
MIA,21701068,119,NYK,98
PHI,21701066,119,MEM,105
BOS,21701059,100,OKC,99
MIN,21701060,123,LAC,109
CLE,21701050,124,MIL,117
NYK,21701055,110,CHI,92
MIA,21701054,149,DEN,141
BKN,21701053,118,MEM,115
NOP,21701047,108,BOS,89
TOR,21701046,125,OKC,132
MEM,21701040,101,DEN,94
MIL,21701041,122,ATL,117
PHX,21701044,109,GSW,124
CHI,21701039,109,CLE,114
PHI,21701030,120,BKN,116
LAL,21701034,91,MIA,92
OKC,21701032,121,LAC,113
GSW,21701033,93,SAC,98
MEM,21701024,110,CHI,111
NYK,21701022,110,PHI,118
SAC,21701018,123,MIA,119
GSW,21701019,117,LAL,106
ATL,21701007,107,OKC,119
PHX,21701014,107,CLE,129
BKN,21701008,102,TOR,116
CHI,21701010,106,LAC,112
LAL,21701015,112,DEN,103
MEM,21701002,103,MIL,121
OKC,21701003,106,SAC,101
LAL,21701000,127,CLE,113
ATL,21700993,122,CHI,129
DEN,21700996,130,SAC,104
BKN,21700999,97,PHI,120
MIN,21700994,109,GSW,103
NYK,21700992,106,TOR,132
MIL,21700981,120,NYK,112
DEN,21700983,125,LAL,116
LAC,21700986,116,CLE,102
MIA,21700973,108,PHI,99
MIN,21700974,109,BOS,117
OKC,21700975,115,PHX,87
SAC,21700969,101,NOP,114
DEN,21700970,108,CLE,113
CHI,21700967,119,MEM,110
LAC,21700964,116,NOP,121
GSW,21700963,114,BKN,101
TOR,21700958,106,ATL,90
CHI,21700953,89,BOS,105
MIA,21700952,125,PHX,103
MIL,21700947,118,PHI,110
ATL,21700943,113,PHX,112
LAC,21700948,123,BKN,120
SAC,21700949,102,NYK,99
CLE,21700937,117,DEN,126
LAC,21700935,128,NYK,105
MEM,21700931,102,DEN,108
PHX,21700933,116,OKC,124
ATL,21700928,109,GSW,114
SAC,21700924,116,BKN,111
CLE,21700923,97,PHI,108
MIA,21700922,113,LAL,131
MEM,21700918,102,PHX,110
DEN,21700912,120,LAC,122
CLE,21700908,129,BKN,123
MIA,21700909,102,PHI,101
NYK,21700900,111,GSW,125
BOS,21700898,109,MEM,98
SAC,21700906,100,MIN,118
NOP,21700902,125,PHX,116
ATL,21700897,104,LAL,123
BKN,21700899,104,CHI,87
MIL,21700893,121,NOP,123
MIA,21700885,115,MEM,89
SAC,21700891,108,LAL,113
GSW,21700887,112,OKC,80
NYK,21700886,112,BOS,121
MIN,21700888,122,CHI,104
NOP,21700879,124,MIA,123
MEM,21700878,89,CLE,112
PHX,21700881,117,LAC,128
TOR,21700876,119,MIL,122
SAC,21700871,107,OKC,110
GSW,21700872,134,LAC,127
CHI,21700870,115,PHI,116
MIL,21700865,123,DEN,134
MIN,21700866,119,LAL,111
PHI,21700855,104,MIA,102
MEM,21700861,114,OKC,121
CHI,21700859,98,TOR,122
NOP,21700862,139,LAL,117
BOS,21700858,119,LAC,129
OKC,21700850,112,CLE,120
TOR,21700847,115,MIA,112
MIL,21700848,97,ATL,92
GSW,21700846,129,PHX,83
BKN,21700843,101,LAC,114
PHI,21700842,108,NYK,92
